id,slug,name,brand,sku,category,subCategory,priceMin,priceMax,priceRange,priceUnit,material,finish,color,dimensions,installationType,warranty,origin,availability,status,stockNote,image,images,imageAlt,imageVerified,imageSourceUrl,style,compatibleStyles,suitableFor,suitableRoomSize,budgetSegment,description,features,technicalSpecs,careInstructions,includedItems,showroomName,showroomLocation,showroomContact,sellerType,soldBy,fulfilledBy,commerceType,supplierType,sourceUrl,priceSource,sourceNote
llv-lav-toto-lt1705-xw,chau-lavabo-toto-lt1705-xw-dat-ban,Chậu Lavabo TOTO LT1705#XW Đặt Bàn,TOTO,LT1705#XW,Lavabo,Lavabo đặt bàn,4350000,5682000,4.350.000đ – 5.682.000đ,sản phẩm,Sứ vệ sinh,"Trắng bóng, men CeFiONtect",Trắng,550 x 380 x 125 mm,Đặt bàn,Theo chính sách TOTO/Luxbath,Việt Nam,Còn hàng,Còn hàng,Cần xác nhận tồn kho showroom trước khi báo giá cuối.,https://luxbath.vn/images/products/2025/11/19/large/chau-lavabo-toto-lt1705-xw-dat-ban_1763538255.jpg,https://luxbath.vn/images/products/2025/11/19/large/chau-lavabo-toto-lt1705-xw-dat-ban_1763538255.jpg,Chậu Lavabo TOTO LT1705#XW đặt bàn màu trắng,TRUE,https://luxbath.vn/images/products/2025/11/19/large/chau-lavabo-toto-lt1705-xw-dat-ban_1763538255.jpg,Modern,Modern|Hotel|Minimal,Phòng tắm căn hộ|Phòng tắm master|Concept khách sạn,4–8 m²,30–60 triệu,"Chậu lavabo đặt bàn TOTO LT1705#XW có dáng oval mềm, men CeFiONtect chống bám bẩn, phù hợp khu lavabo cần cảm giác cao cấp và dễ vệ sinh.",Men CeFiONtect chống bám bẩn|Kiểu đặt nổi trên bàn đá|Dáng oval hiện đại|Phối tốt với vòi cổ cao,Mã sản phẩm: LT1705#XW|Kích thước: 550 x 380 x 125 mm|Màu sắc: Trắng|Kiểu chậu: Dương bàn/đặt bàn|Sản phẩm không bao gồm vòi và bộ xả,Lau bằng khăn mềm và dung dịch vệ sinh không có tính mài mòn.,Chậu lavabo; không bao gồm vòi và bộ xả,Luxbath,"116 Thanh Đàm, Hà Nội",0989123788,Retailer tham khảo,LivLab,Luxbath,Quote-based commerce,Retailer tham khảo,https://luxbath.vn/chau-lavabo-toto-lt1705-dat-ban-p6156.html,Giá tham khảo từ Luxbath,"Thông tin, giá và ảnh tham khảo từ trang sản phẩm Luxbath; giá cuối cần xác nhận theo tồn kho và thời điểm."
llv-lav-toto-lt1735-xw,chau-lavabo-toto-lt1735-xw-dat-ban,Chậu Lavabo TOTO LT1735#XW Đặt Bàn,TOTO,LT1735#XW,Lavabo,Lavabo đặt bàn,4380000,5510000,4.380.000đ – 5.510.000đ,sản phẩm,Sứ vệ sinh,"Trắng bóng, men CeFiONtect",Trắng,550 x 380 x 125 mm,Đặt bàn,Theo chính sách TOTO/Luxbath,Việt Nam,Còn hàng,Còn hàng,Cần xác nhận tồn kho showroom.,https://luxbath.vn/images/products/2025/11/19/large/chau-lavabo-toto-lt1735-dat-ban_1763538195.jpg,https://luxbath.vn/images/products/2025/11/19/large/chau-lavabo-toto-lt1735-dat-ban_1763538195.jpg,Chậu Lavabo TOTO LT1735 đặt bàn,TRUE,https://luxbath.vn/images/products/2025/11/19/large/chau-lavabo-toto-lt1735-dat-ban_1763538195.jpg,Modern,Modern|Minimal|Hotel,Phòng tắm căn hộ|Phòng tắm sáng màu|Combo 30–60 triệu,4–8 m²,30–60 triệu,"Chậu lavabo đặt bàn TOTO LT1735#XW có dáng chữ nhật bo mềm, bề mặt sứ trắng và men chống bám bẩn, phù hợp concept phòng tắm hiện đại.",Kiểu đặt bàn sang trọng|Men CeFIontect chống bám bẩn|Dễ phối với vòi vuông hiện đại|Phù hợp mặt bàn đá,Mã sản phẩm: LT1735#XW|Kích thước: 550 x 380 x 125 mm|Màu sắc: Trắng|Kiểu dáng: đặt nổi trên bàn đá|Không bao gồm vòi và bộ xả,Không dùng vật nhám chà bề mặt men.,Chậu lavabo; không bao gồm vòi và bộ xả,Luxbath,"116 Thanh Đàm, Hà Nội",0989123788,Retailer tham khảo,LivLab,Luxbath,Quote-based commerce,Retailer tham khảo,https://luxbath.vn/chau-lavabo-toto-lt1735-dat-ban-p6157.html,Giá tham khảo từ Luxbath,"Thông tin, giá và ảnh tham khảo từ trang sản phẩm Luxbath."
llv-lav-toto-lw573jwf,chau-lavabo-toto-lw573jwf-dat-ban,Chậu Lavabo Dương Bàn Đá TOTO LW573JW/F#W,TOTO,LW573JW/F#W,Lavabo,Lavabo đặt bàn,3352000,4190000,3.352.000đ – 4.190.000đ,sản phẩm,Sứ vệ sinh,Trắng bóng,Trắng,420 x 420 x 125 mm,Đặt bàn,Theo chính sách TOTO/Luxbath,Indonesia,Còn hàng/tùy thời điểm,Còn hàng,Một số thời điểm có thể tạm hết; cần xác nhận tồn kho.,https://luxbath.vn/images/products/2025/11/19/large/chau-lavabo-duong-ban-da-toto-lw573jw-f-w-nhap-khau-indonesia_1763538069.jpg,https://luxbath.vn/images/products/2025/11/19/large/chau-lavabo-duong-ban-da-toto-lw573jw-f-w-nhap-khau-indonesia_1763538069.jpg,Chậu Lavabo TOTO LW573JW/F đặt bàn tròn,TRUE,https://luxbath.vn/images/products/2025/11/19/large/chau-lavabo-duong-ban-da-toto-lw573jw-f-w-nhap-khau-indonesia_1763538069.jpg,Japandi,Japandi|Minimal|Warm Neutral,Phòng tắm nhỏ|Phòng tắm Japandi|Lavabo tròn mềm mại,3–6 m²,Dưới 30 triệu,"Chậu lavabo TOTO LW573JW/F dáng tròn đặt bàn, kích thước gọn, hợp phòng tắm nhỏ hoặc concept Japandi cần đường nét mềm mại.",Dáng tròn tối giản|Không có lỗ thoát tràn|Phù hợp mặt bàn đá/gỗ chống ẩm|Dễ phối gương tròn,Mã sản phẩm: LW573JW/F#W|Kích thước: 420 x 420 x 125 mm|Màu sắc: Trắng|Kiểu lắp đặt: Đặt bàn|Thiết kế không có lỗ thoát tràn,"Vệ sinh định kỳ bằng khăn mềm, tránh hóa chất tẩy mạnh.",Chậu lavabo; không bao gồm vòi và bộ xả,Luxbath,"116 Thanh Đàm, Hà Nội",0989123788,Retailer tham khảo,LivLab,Luxbath,Quote-based commerce,Retailer tham khảo,https://luxbath.vn/chau-lavabo-toto-lw573jwf-dat-ban-p6159.html,Giá tham khảo từ Luxbath,"Thông tin, giá và ảnh tham khảo từ trang sản phẩm Luxbath."
llv-lav-toto-lw1233b,chau-lavabo-toto-lw1233b-goc-treo-tuong,Chậu Lavabo TOTO LW1233B Góc Treo Tường,TOTO,LW1233B,Lavabo,Lavabo góc,4650000,4650000,4.650.000đ,sản phẩm,Sứ vệ sinh,Trắng bóng,Trắng,320 x 320 x 160 mm,Treo tường/góc,Theo chính sách TOTO/Luxbath,Trung Quốc,Còn hàng/tùy thời điểm,Còn hàng,Cần xác nhận tồn kho showroom.,https://luxbath.vn/images/products/2025/11/19/large/chau-lavabo-toto-lw1233b-goc-treo-tuong_1763538136.jpg,https://luxbath.vn/images/products/2025/11/19/large/chau-lavabo-toto-lw1233b-goc-treo-tuong_1763538136.jpg,Chậu Lavabo góc TOTO LW1233B treo tường,TRUE,https://luxbath.vn/images/products/2025/11/19/large/chau-lavabo-toto-lw1233b-goc-treo-tuong_1763538136.jpg,Compact,Compact|Minimal|Budget,Phòng tắm siêu nhỏ|Nhà cho thuê|Góc rửa phụ,2–4 m²,Dưới 30 triệu,"Chậu lavabo góc TOTO LW1233B giúp tận dụng góc phòng, phù hợp không gian nhỏ cần tiết kiệm diện tích.",Thiết kế góc nhỏ gọn|Treo tường tiết kiệm sàn|Phù hợp phòng tắm phụ|Dễ phối phụ kiện cơ bản,Mã sản phẩm: LW1233B|Kích thước: 320 x 320 x 160 mm|Màu sắc: Trắng|Kiểu chậu: Treo tường/góc|Chưa bao gồm vòi và bộ xả,Lau khô vùng thoát nước sau khi sử dụng để hạn chế cặn.,Chậu lavabo; không bao gồm vòi và bộ xả,Luxbath,"116 Thanh Đàm, Hà Nội",0989123788,Retailer tham khảo,LivLab,Luxbath,Quote-based commerce,Retailer tham khảo,https://luxbath.vn/chau-lavabo-toto-lw1233b-goc-treo-tuong-p6158.html,Giá tham khảo từ Luxbath,"Thông tin, giá và ảnh tham khảo từ trang sản phẩm Luxbath."
llv-lav-toto-lt300c,chau-rua-mat-toto-lt300c-treo-tuong,Chậu Rửa Mặt Treo Tường TOTO LT300C,TOTO,LT300C,Lavabo,Lavabo treo tường,780000,952000,780.000đ – 952.000đ,sản phẩm,Sứ vệ sinh,Trắng bóng,Trắng,430 x 500 x 190 mm,Treo tường,Theo chính sách TOTO/Luxbath,Việt Nam,Còn hàng,Còn hàng,Cần xác nhận tồn kho showroom.,https://luxbath.vn/images/products/2025/11/19/large/chau-rua-mat-treo-tuong-toto-lt300c_1763538632.jpg,https://luxbath.vn/images/products/2025/11/19/large/chau-rua-mat-treo-tuong-toto-lt300c_1763538632.jpg,Chậu rửa mặt treo tường TOTO LT300C,TRUE,https://luxbath.vn/images/products/2025/11/19/large/chau-rua-mat-treo-tuong-toto-lt300c_1763538632.jpg,Budget,Budget|Minimal|Rental,Nhà cho thuê|Phòng tắm nhỏ|Combo tiết kiệm,2–5 m²,Dưới 30 triệu,"Chậu treo tường TOTO LT300C có kích thước gọn, giá dễ tiếp cận, phù hợp phòng tắm nhỏ hoặc nhà cho thuê cần tối ưu chi phí.",Treo tường tiết kiệm diện tích|Có lỗ thoát tràn|Giá tham khảo thấp|Dễ bảo trì,Mã sản phẩm: LT300C|Kích thước: 430 x 500 x 190 mm|Thiết kế có lỗ thoát tràn|Màu sắc: Trắng|Xuất xứ: Việt Nam,"Vệ sinh định kỳ, tránh va đập mạnh vào mép chậu.",Chậu lavabo; phụ kiện/vòi tùy combo,Luxbath,"116 Thanh Đàm, Hà Nội",0989123788,Retailer tham khảo,LivLab,Luxbath,Quote-based commerce,Retailer tham khảo,https://luxbath.vn/chau-rua-mat-treo-tuong-toto-lt300c-p3364.html,Giá tham khảo từ Luxbath,"Thông tin, giá và ảnh tham khảo từ trang sản phẩm Luxbath."
llv-lav-toto-lht300cm,chau-rua-mat-toto-lht300cm-treo-tuong-chan-lung,Chậu Rửa Mặt Treo Tường Chân Lửng TOTO LHT300CM,TOTO,LHT300CM,Lavabo,Lavabo treo tường chân lửng,1245000,1480000,1.245.000đ – 1.480.000đ,sản phẩm,Sứ vệ sinh,Trắng bóng,Trắng,500 x 430 mm,Treo tường chân lửng,Theo chính sách TOTO/Luxbath,Việt Nam,Còn hàng,Còn hàng,Cần xác nhận tồn kho showroom.,https://luxbath.vn/images/products/2025/11/19/large/chau-rua-mat-treo-tuong-toto-lht300cm_1763538542.jpg,https://luxbath.vn/images/products/2025/11/19/large/chau-rua-mat-treo-tuong-toto-lht300cm_1763538542.jpg,Chậu rửa mặt TOTO LHT300CM treo tường chân lửng,TRUE,https://luxbath.vn/images/products/2025/11/19/large/chau-rua-mat-treo-tuong-toto-lht300cm_1763538542.jpg,Budget,Budget|Rental|Family-friendly,Phòng tắm gia đình|Nhà phố|Combo tiết kiệm,3–6 m²,Dưới 30 triệu,"Chậu rửa mặt TOTO LHT300CM có chân lửng che ống xả, phù hợp phòng tắm gia đình cần gọn gàng hơn so với chậu treo tường cơ bản.",Thiết kế có lỗ thoát tràn|Lòng chậu sâu rộng|Chân lửng che ống thoát|Dễ dùng cho gia đình,Mã sản phẩm: LHT300CM|Kích thước: 500 x 430 mm|Thiết kế có lỗ thoát tràn|Màu sắc: Trắng|Xuất xứ: Việt Nam,Vệ sinh bề mặt và khu vực chân chậu định kỳ.,Chậu và chân lửng; phụ kiện khác tùy cấu hình,Luxbath,"116 Thanh Đàm, Hà Nội",0989123788,Retailer tham khảo,LivLab,Luxbath,Quote-based commerce,Retailer tham khảo,https://luxbath.vn/chau-rua-mat-treo-tuong-toto-lht300cm-p3365.html,Giá tham khảo từ Luxbath,"Thông tin, giá và ảnh tham khảo từ trang sản phẩm Luxbath."
llv-lav-toto-lht328c,chau-rua-mat-toto-lht328c-treo-tuong,Chậu Rửa Mặt Treo Tường Chân Lửng TOTO LHT328C,TOTO,LHT328C,Lavabo,Lavabo treo tường chân lửng,2400000,3000000,2.400.000đ – 3.000.000đ,sản phẩm,Sứ vệ sinh,Trắng bóng,Trắng,420 x 480 x 470 mm,Treo tường chân lửng,Theo chính sách TOTO/Luxbath,Việt Nam,Còn hàng/tùy thời điểm,Còn hàng,Cần xác nhận tồn kho showroom.,https://luxbath.vn/images/products/2025/11/19/large/chau-rua-mat-treo-tuong-chan-lung-toto-lht328c_1763533573.jpg,https://luxbath.vn/images/products/2025/11/19/large/chau-rua-mat-treo-tuong-chan-lung-toto-lht328c_1763533573.jpg,Chậu rửa mặt treo tường chân lửng TOTO LHT328C,TRUE,https://luxbath.vn/images/products/2025/11/19/large/chau-rua-mat-treo-tuong-chan-lung-toto-lht328c_1763533573.jpg,Modern,Modern|Family-friendly|Minimal,Phòng tắm gia đình|Nhà phố|Căn hộ,3–6 m²,Dưới 30 triệu,"TOTO LHT328C là chậu treo tường chân lửng, dáng chữ nhật chắc chắn, phù hợp gia đình cần chậu có lòng rộng và che ống gọn.",Chân lửng gọn gàng|Có lỗ thoát tràn|Lòng chậu rộng|Dễ phối với vòi nóng lạnh,Mã sản phẩm: LHT328C|Kích thước: 420 x 480 x 470 mm|Thiết kế với lỗ thoát tràn|Màu sắc: Trắng|Xuất xứ: Việt Nam,Không dùng hóa chất ăn mòn mạnh lên bề mặt men.,Chậu và chân lửng; phụ kiện khác tùy cấu hình,Luxbath,"116 Thanh Đàm, Hà Nội",0989123788,Retailer tham khảo,LivLab,Luxbath,Quote-based commerce,Retailer tham khảo,https://luxbath.vn/toto-lht328c-p44310.html,Giá tham khảo thị trường/Luxbath,Thông tin và ảnh tham khảo từ Luxbath; giá cần xác nhận.
llv-lav-toto-sk322,chau-da-nang-toto-sk322-sk322f-treo-tuong,Chậu Dịch Vụ Đa Năng TOTO SK322/SK322F#W Treo Tường,TOTO,SK322/SK322F#W,Lavabo,Chậu dịch vụ,11192000,13990000,11.192.000đ – 13.990.000đ,sản phẩm,Sứ vệ sinh,Trắng bóng,Trắng,560 x 456 mm,Treo tường/chân dài,10 năm,Việt Nam,Còn hàng,Còn hàng,Cần xác nhận tồn kho showroom.,https://luxbath.vn/images/products/2025/11/19/large/chau-dich-vu-da-nang-toto-sk322-sk322f-w-treo-tuong_1763538419.jpg,https://luxbath.vn/images/products/2025/11/19/large/chau-dich-vu-da-nang-toto-sk322-sk322f-w-treo-tuong_1763538419.jpg,Chậu dịch vụ đa năng TOTO SK322/SK322F,TRUE,https://luxbath.vn/images/products/2025/11/19/large/chau-dich-vu-da-nang-toto-sk322-sk322f-w-treo-tuong_1763538419.jpg,Utility,Family-friendly|Utility|Modern,Khu giặt phụ|Phòng vệ sinh dịch vụ|Nhà phố,4–8 m²,Trên 60 triệu,"Chậu dịch vụ đa năng TOTO SK322/SK322F phù hợp khu phụ trợ hoặc không gian cần chậu sâu, bền, dễ vệ sinh.",Chậu sâu đa năng|Bao gồm ống thoát thải S-Trap DL501SR|Chân dài dễ sử dụng|Sứ trắng bền,Mã sản phẩm: SK322/SK322F|Kích thước: 560 x 456 mm|Màu sắc: Trắng|Bao gồm ống thoát thải S-Trap DL501SR|Xuất xứ: Việt Nam,Lau vệ sinh sau khi dùng với vật dụng bẩn để tránh cặn bám.,Chậu dịch vụ và ống thoát S-Trap DL501SR,Luxbath,"116 Thanh Đàm, Hà Nội",0989123788,Retailer tham khảo,LivLab,Luxbath,Quote-based commerce,Retailer tham khảo,https://luxbath.vn/chau-da-nang-toto-sk322sk322f-treo-tuong-p6155.html,Giá tham khảo từ Luxbath,"Thông tin, giá và ảnh tham khảo từ trang sản phẩm Luxbath."
llv-fau-toto-tx109ld,voi-lavabo-lanh-toto-tx109ld,Vòi Lavabo Lạnh TOTO TX109LD,TOTO,TX109LD,Vòi lavabo,Vòi lavabo lạnh,1856000,2320000,1.856.000đ – 2.320.000đ,sản phẩm,Đồng thau,Nickel Chrome,Chrome,,Gắn chậu/gắn bàn,2 năm,Việt Nam,Còn hàng/tùy thời điểm,Còn hàng,Cần xác nhận tồn kho showroom trước khi báo giá cuối.,https://luxbath.vn/images/products/2025/11/27/large/voi-lavabo-lanh-toto-tx109ld_1764235119.jpg,https://luxbath.vn/images/products/2025/11/27/large/voi-lavabo-lanh-toto-tx109ld_1764235119.jpg,Vòi Lavabo Lạnh TOTO TX109LD,TRUE,https://luxbath.vn/images/products/2025/11/27/large/voi-lavabo-lanh-toto-tx109ld_1764235119.jpg,Modern,Modern|Budget|Rental,Lavabo treo tường|Nhà cho thuê|Combo tiết kiệm,Theo concept/phòng,Dưới 30 triệu,"Vòi lavabo lạnh TOTO TX109LD có lớp mạ Nickel Chrome, thân đồng thau và tay gạt đơn, phù hợp khu lavabo cơ bản cần chi phí hợp lý.",Vòi nước lạnh|Lớp mạ bền|Thân đồng thau|Van đĩa sứ chống bám cặn,Áp lực nước: 0.05–0.75 MPa|Lớp mạ: Nickel Chrome|Không bao gồm bộ xả và ống thải chữ P,"Vệ sinh định kỳ bằng khăn mềm, tránh hóa chất tẩy mạnh.",Theo cấu hình sản phẩm; phụ kiện đi kèm cần xác nhận khi báo giá.,Luxbath,"116 Thanh Đàm, Hà Nội",0989123788,Retailer tham khảo,LivLab,Luxbath,Quote-based commerce,Retailer tham khảo,https://luxbath.vn/voi-lavabo-lanh-toto-tx109ld-p1145.html,Giá tham khảo từ Luxbath,"Thông tin, giá và ảnh tham khảo từ trang sản phẩm Luxbath; giá cuối cần xác nhận theo tồn kho, thời điểm và phương án lắp đặt."
llv-fau-toto-tlg02301b-bfg,voi-lavabo-toto-tlg02301b-bfg-vang-phap-mo,Vòi Chậu Rửa Mặt TOTO TLG02301B#BFG Vàng Pháp Mờ,TOTO,TLG02301B#BFG,Vòi lavabo,Vòi lavabo nóng lạnh,5560000,6950000,5.560.000đ – 6.950.000đ,sản phẩm,Đồng thau,Vàng Pháp mờ,Vàng,,Gắn chậu/gắn bàn,2 năm,Việt Nam/Trung Quốc theo cấu hình,Còn hàng/tùy thời điểm,Còn hàng,Cần xác nhận tồn kho showroom trước khi báo giá cuối.,https://luxbath.vn/images/products/2025/11/26/large/voi-chau-rua-mat-toto-tlg02301b-bfg_1764131026.jpg,https://luxbath.vn/images/products/2025/11/26/large/voi-chau-rua-mat-toto-tlg02301b-bfg_1764131026.jpg,Vòi Chậu Rửa Mặt TOTO TLG02301B#BFG Vàng Pháp Mờ,TRUE,https://luxbath.vn/images/products/2025/11/26/large/voi-chau-rua-mat-toto-tlg02301b-bfg_1764131026.jpg,Luxury,Luxury|Hotel|Modern,Phòng tắm hotel-style|Lavabo đặt bàn|Concept cao cấp,Theo concept/phòng,30–60 triệu,"Vòi lavabo TOTO TLG02301B#BFG có finish vàng Pháp mờ, thân đồng thau và thiết kế vuông hiện đại, phù hợp concept luxury/hotel.",Finish vàng mờ cao cấp|Thân van đồng thau|Van đĩa sứ chống bám cặn|Phù hợp lavabo đặt bàn,Áp lực nước: 0.05–0.75 MPa|Chất liệu: Đồng thau|Số chân: 1 chân|Chức năng: Nóng lạnh,"Vệ sinh định kỳ bằng khăn mềm, tránh hóa chất tẩy mạnh.",Theo cấu hình sản phẩm; phụ kiện đi kèm cần xác nhận khi báo giá.,Luxbath,"116 Thanh Đàm, Hà Nội",0989123788,Retailer tham khảo,LivLab,Luxbath,Quote-based commerce,Retailer tham khảo,https://luxbath.vn/toto-tlg02301b-bfg-p42309.html,Giá tham khảo từ Luxbath,"Thông tin, giá và ảnh tham khảo từ trang sản phẩm Luxbath; giá cuối cần xác nhận theo tồn kho, thời điểm và phương án lắp đặt."
llv-fau-toto-tlg02301b-pfg,voi-lavabo-toto-tlg02301b-pfg-vang-phap-bong,Vòi Chậu Rửa Mặt TOTO TLG02301B#PFG Vàng Pháp Bóng,TOTO,TLG02301B#PFG,Vòi lavabo,Vòi lavabo nóng lạnh,5168000,6460000,5.168.000đ – 6.460.000đ,sản phẩm,Đồng thau,Vàng Pháp bóng,Vàng,,Gắn chậu/gắn bàn,2 năm,Việt Nam/Trung Quốc theo cấu hình,Còn hàng/tùy thời điểm,Còn hàng,Cần xác nhận tồn kho showroom trước khi báo giá cuối.,https://luxbath.vn/images/products/2025/11/26/large/toto-tlg02301b-pfg_1764131524.jpg,https://luxbath.vn/images/products/2025/11/26/large/toto-tlg02301b-pfg_1764131524.jpg,Vòi Chậu Rửa Mặt TOTO TLG02301B#PFG Vàng Pháp Bóng,TRUE,https://luxbath.vn/images/products/2025/11/26/large/toto-tlg02301b-pfg_1764131524.jpg,Luxury,Luxury|Hotel|Modern,Phòng tắm master|Concept sang trọng|Lavabo đặt bàn,Theo concept/phòng,30–60 triệu,"Vòi TOTO TLG02301B#PFG có finish vàng Pháp bóng, phù hợp tạo điểm nhấn trên khu lavabo cao cấp.",Finish vàng bóng|Thân van đồng thau|Van đĩa sứ|Dễ phối với phụ kiện ánh kim,Áp lực nước: 0.05–0.75 MPa|Chất liệu: Đồng thau|Vị trí: Trên chậu|Chức năng: Nóng lạnh,"Vệ sinh định kỳ bằng khăn mềm, tránh hóa chất tẩy mạnh.",Theo cấu hình sản phẩm; phụ kiện đi kèm cần xác nhận khi báo giá.,Luxbath,"116 Thanh Đàm, Hà Nội",0989123788,Retailer tham khảo,LivLab,Luxbath,Quote-based commerce,Retailer tham khảo,https://luxbath.vn/toto-tlg02301b-pfg-p42308.html,Giá tham khảo từ Luxbath,"Thông tin, giá và ảnh tham khảo từ trang sản phẩm Luxbath; giá cuối cần xác nhận theo tồn kho, thời điểm và phương án lắp đặt."
llv-toi-inax-ac602vn,bon-cau-inax-ac-602vn-2-khoi,Bồn Cầu 2 Khối Nắp Êm Xả Nhấn INAX AC-602VN,INAX,AC-602VN,Bồn cầu,Bồn cầu 2 khối,3500000,4630000,3.500.000đ – 4.630.000đ,sản phẩm,Sứ vệ sinh,"Trắng bóng, Aqua Ceramic",Trắng,720 x 372 x 740 mm,"Đặt sàn, tâm thoát 300 mm",10 năm theo cấu hình,Việt Nam,Còn hàng/tùy thời điểm,Còn hàng,Cần xác nhận tồn kho showroom trước khi báo giá cuối.,https://luxbath.vn/images/products/2025/10/28/large/bon-cau-2-khoi-nap-em-xa-nhan-inax-ac-602vn_1761626868.jpg,https://luxbath.vn/images/products/2025/10/28/large/bon-cau-2-khoi-nap-em-xa-nhan-inax-ac-602vn_1761626868.jpg,Bồn Cầu 2 Khối Nắp Êm Xả Nhấn INAX AC-602VN,TRUE,https://luxbath.vn/images/products/2025/10/28/large/bon-cau-2-khoi-nap-em-xa-nhan-inax-ac-602vn_1761626868.jpg,Budget,Budget|Rental|Family-friendly,Nhà cho thuê|Phòng tắm gia đình|Combo dưới 30 triệu,Theo concept/phòng,Dưới 30 triệu,"Bồn cầu INAX AC-602VN là mẫu 2 khối xả nhấn, chi phí hợp lý, phù hợp combo phòng tắm tiết kiệm.",Xả nhấn 2 chế độ|Thiết kế 2 khối dễ lắp|Men Aqua Ceramic|Nắp êm,Kích thước: 720 x 372 x 740 mm|Tâm thoát: 300 mm (+-5)|Lượng nước xả: 4.5L/3.0L|Công nghệ: Nhật Bản,"Vệ sinh định kỳ bằng khăn mềm, tránh hóa chất tẩy mạnh.",Theo cấu hình sản phẩm; phụ kiện đi kèm cần xác nhận khi báo giá.,Luxbath,"116 Thanh Đàm, Hà Nội",0989123788,Retailer tham khảo,LivLab,Luxbath,Quote-based commerce,Retailer tham khảo,https://luxbath.vn/bon-cau-2-khoi-xa-nhan-inax-ac-602vn-p8214.html,Giá tham khảo từ Luxbath,"Thông tin, giá và ảnh tham khảo từ trang sản phẩm Luxbath; giá cuối cần xác nhận theo tồn kho, thời điểm và phương án lắp đặt."
llv-toi-inax-ac602vn2,bon-cau-inax-ac-602vn-2-nap-em-thoi-trang,Bồn Cầu 2 Khối Nắp Êm Thời Trang INAX AC-602VN-2,INAX,AC-602VN-2,Bồn cầu,Bồn cầu 2 khối,3400000,3400000,3.400.000đ,sản phẩm,Sứ vệ sinh,"Trắng bóng, Aqua Ceramic",Trắng,720 x 372 x 740 mm,Đặt sàn,10 năm theo cấu hình,Việt Nam,Còn hàng/tùy thời điểm,Còn hàng,Cần xác nhận tồn kho showroom trước khi báo giá cuối.,https://luxbath.vn/images/products/2025/10/27/large/bon-cau-2-khoi-nap-em-inax-ac-602vn_1761556610.jpg,https://luxbath.vn/images/products/2025/10/27/large/bon-cau-2-khoi-nap-em-inax-ac-602vn_1761556610.jpg,Bồn Cầu 2 Khối Nắp Êm Thời Trang INAX AC-602VN-2,TRUE,https://luxbath.vn/images/products/2025/10/27/large/bon-cau-2-khoi-nap-em-inax-ac-602vn_1761556610.jpg,Budget,Budget|Rental|Modern,Nhà phố|Căn hộ|Combo tiết kiệm,Theo concept/phòng,Dưới 30 triệu,"Phiên bản INAX AC-602VN-2 có nắp êm mỏng, phù hợp phòng tắm hiện đại cần tối ưu ngân sách.",Nắp êm mỏng|Men Aqua Ceramic|Xả Powerful Vortex|Kiểu dáng hiện đại,Công nghệ xả: Powerful Vortex|Thiết kế vành Rim Hygiene|Nắp ngồi: nắp êm mỏng|Màu sắc: Trắng,"Vệ sinh định kỳ bằng khăn mềm, tránh hóa chất tẩy mạnh.",Theo cấu hình sản phẩm; phụ kiện đi kèm cần xác nhận khi báo giá.,Luxbath,"116 Thanh Đàm, Hà Nội",0989123788,Retailer tham khảo,LivLab,Luxbath,Quote-based commerce,Retailer tham khảo,https://luxbath.vn/inax-ac-602vn-2-p14634.html,Giá tham khảo từ Luxbath,"Thông tin, giá và ảnh tham khảo từ trang sản phẩm Luxbath; giá cuối cần xác nhận theo tồn kho, thời điểm và phương án lắp đặt."
llv-toi-toto-cs948dt8,bon-cau-toto-cs948dt8-2-khoi-nap-em,Bồn Cầu 2 Khối Nắp Êm TOTO CS948DT8,TOTO,CS948DT8,Bồn cầu,Bồn cầu 2 khối,6500000,8125000,6.500.000đ – 8.125.000đ,sản phẩm,Sứ vệ sinh,Trắng bóng,Trắng,700 x 380 x 806 mm,"Đặt sàn, tâm thoát 305 mm","2 năm sứ, 1 năm phụ kiện",Việt Nam,Còn hàng/tùy thời điểm,Còn hàng,Cần xác nhận tồn kho showroom trước khi báo giá cuối.,https://luxbath.vn/images/products/2025/11/17/large/bon-cau-2-khoi-nap-em-toto-cs948dt8_1763368515.jpg,https://luxbath.vn/images/products/2025/11/17/large/bon-cau-2-khoi-nap-em-toto-cs948dt8_1763368515.jpg,Bồn Cầu 2 Khối Nắp Êm TOTO CS948DT8,TRUE,https://luxbath.vn/images/products/2025/11/17/large/bon-cau-2-khoi-nap-em-toto-cs948dt8_1763368515.jpg,Modern,Modern|Family-friendly|Hotel,Phòng tắm gia đình|Concept cân bằng|Phòng tắm hiện đại,Theo concept/phòng,30–60 triệu,"Bồn cầu TOTO CS948DT8 có nắp êm, hệ xả Tornado tiết kiệm nước và dáng thân dài hiện đại.",Nắp đóng êm|Hệ thống xả Tornado|Xả 4.8L/3L|Thân dài dễ vệ sinh,Kích thước: 700 x 380 x 806 mm|Tâm xả: 305 mm|Áp lực nước: 0.05–0.75 MPa|Kiểu xả: Nhấn đôi,"Vệ sinh định kỳ bằng khăn mềm, tránh hóa chất tẩy mạnh.",Theo cấu hình sản phẩm; phụ kiện đi kèm cần xác nhận khi báo giá.,Luxbath,"116 Thanh Đàm, Hà Nội",0989123788,Retailer tham khảo,LivLab,Luxbath,Quote-based commerce,Retailer tham khảo,https://luxbath.vn/bon-cau-2-khoi-nap-em-toto-cs948dt8-p12978.html,Giá tham khảo từ Luxbath,"Thông tin, giá và ảnh tham khảo từ trang sản phẩm Luxbath; giá cuối cần xác nhận theo tồn kho, thời điểm và phương án lắp đặt."
llv-toi-toto-cs838dt8,bon-cau-toto-cs838dt8-2-khoi-nap-em,Bồn Cầu 2 Khối Nắp Êm TOTO CS838DT8,TOTO,CS838DT8,Bồn cầu,Bồn cầu 2 khối,5600000,7000000,5.600.000đ – 7.000.000đ,sản phẩm,Sứ vệ sinh,Trắng bóng,Trắng,700 x 388 x 734 mm,"Đặt sàn, tâm thoát 305 mm","2 năm sứ, 1 năm phụ kiện",Việt Nam,Còn hàng/tùy thời điểm,Còn hàng,Cần xác nhận tồn kho showroom trước khi báo giá cuối.,https://luxbath.vn/images/products/2025/11/17/large/bon-cau-2-khoi-nap-em-toto-cs838dt8_1763368156.jpg,https://luxbath.vn/images/products/2025/11/17/large/bon-cau-2-khoi-nap-em-toto-cs838dt8_1763368156.jpg,Bồn Cầu 2 Khối Nắp Êm TOTO CS838DT8,TRUE,https://luxbath.vn/images/products/2025/11/17/large/bon-cau-2-khoi-nap-em-toto-cs838dt8_1763368156.jpg,Modern,Modern|Family-friendly|Minimal,Căn hộ|Nhà phố|Phòng tắm gia đình,Theo concept/phòng,30–60 triệu,"Bồn cầu TOTO CS838DT8 có dáng gọn, nắp êm và xả tiết kiệm nước, phù hợp phòng tắm hiện đại gia đình.",Nắp đóng êm|Tiết kiệm nước 4.5L/3L|Dáng gọn dễ vệ sinh|Có thể lắp nắp rửa tùy chọn,Kích thước: 700 x 388 x 734 mm|Tâm xả: 305 mm|Áp lực nước: 0.05–0.75 MPa|Xuất xứ: Việt Nam,"Vệ sinh định kỳ bằng khăn mềm, tránh hóa chất tẩy mạnh.",Theo cấu hình sản phẩm; phụ kiện đi kèm cần xác nhận khi báo giá.,Luxbath,"116 Thanh Đàm, Hà Nội",0989123788,Retailer tham khảo,LivLab,Luxbath,Quote-based commerce,Retailer tham khảo,https://luxbath.vn/bon-cau-2-khoi-nap-em-toto-cs838dt8-p12981.html,Giá tham khảo từ Luxbath,"Thông tin, giá và ảnh tham khảo từ trang sản phẩm Luxbath; giá cuối cần xác nhận theo tồn kho, thời điểm và phương án lắp đặt."
llv-toi-toto-cs818dt2,ban-cau-toto-cs818dt2-2-khoi-nap-em,Bàn Cầu 2 Khối Xả Nhấn Nắp Êm TOTO CS818DT2,TOTO,CS818DT2,Bồn cầu,Bồn cầu 2 khối,5200000,6500000,5.200.000đ – 6.500.000đ,sản phẩm,Sứ vệ sinh,"Trắng bóng, CeFiONtect",Trắng,Theo model,Đặt sàn,2 năm,Nhập khẩu,Còn hàng/tùy thời điểm,Còn hàng,Cần xác nhận tồn kho showroom trước khi báo giá cuối.,https://luxbath.vn/images/products/2025/11/18/large/ban-cau-2-khoi-xa-nhan-nap-em-toto-cs818dt2_1763437364.jpg,https://luxbath.vn/images/products/2025/11/18/large/ban-cau-2-khoi-xa-nhan-nap-em-toto-cs818dt2_1763437364.jpg,Bàn Cầu 2 Khối Xả Nhấn Nắp Êm TOTO CS818DT2,TRUE,https://luxbath.vn/images/products/2025/11/18/large/ban-cau-2-khoi-xa-nhan-nap-em-toto-cs818dt2_1763437364.jpg,Modern,Modern|Hotel|Family-friendly,Phòng tắm căn hộ|Concept hiện đại|Combo cân bằng,Theo concept/phòng,30–60 triệu,"Bàn cầu TOTO CS818DT2 có thiết kế thân dài, nắp đóng êm và công nghệ men CeFiONtect giúp hạn chế bám bẩn.",Men CeFiONtect|Xả xoáy Tornado|Nắp đóng êm|Thân dài kín sang trọng,Mã sản phẩm: CS818DT2|Nắp: TC393VS|Loại xả: 2 nút nhấn|Bàn cầu: 2 khối,"Vệ sinh định kỳ bằng khăn mềm, tránh hóa chất tẩy mạnh.",Theo cấu hình sản phẩm; phụ kiện đi kèm cần xác nhận khi báo giá.,Luxbath,"116 Thanh Đàm, Hà Nội",0989123788,Retailer tham khảo,LivLab,Luxbath,Quote-based commerce,Retailer tham khảo,https://luxbath.vn/ban-cau-2-khoi-toto-cs818dt2-p708.html,Giá tham khảo từ Luxbath,"Thông tin, giá và ảnh tham khảo từ trang sản phẩm Luxbath; giá cuối cần xác nhận theo tồn kho, thời điểm và phương án lắp đặt."
llv-sho-inax-bfv615s8c,sen-cay-inax-bfv-615s-8c,Vòi Sen Tắm Đứng Tăng Áp INAX BFV-615S-8C,INAX,BFV-615S-8C,Sen tắm,Sen cây,7100000,12210000,7.100.000đ – 12.210.000đ,sản phẩm,Đồng thau,Crom/Niken,Chrome,319 x 400 x 1236 mm,Lắp tường/đứng,2 năm theo cấu hình,Việt Nam,Còn hàng/tùy thời điểm,Còn hàng,Cần xác nhận tồn kho showroom trước khi báo giá cuối.,https://luxbath.vn/images/products/2025/10/26/large/sen-cay-inax-bfv-615s-8c_1761497272.jpg,https://luxbath.vn/images/products/2025/10/26/large/sen-cay-inax-bfv-615s-8c_1761497272.jpg,Vòi Sen Tắm Đứng Tăng Áp INAX BFV-615S-8C,TRUE,https://luxbath.vn/images/products/2025/10/26/large/sen-cay-inax-bfv-615s-8c_1761497272.jpg,Hotel,Hotel|Modern|Family-friendly,Phòng tắm master|Tắm đứng|Concept khách sạn,Theo concept/phòng,30–60 triệu,"Sen cây INAX BFV-615S-8C có bát sen lớn và tay sen tăng áp, phù hợp nâng cấp trải nghiệm tắm trong phòng tắm hiện đại.",Bát sen lớn|Tay sen tăng áp Aqua Power|Thân đồng thau|Thiết kế ngắt chuyển trực quan,Kích thước lắp đặt: 319 x 400 x 1236 mm|Bát sen lớn: 307 x 189 mm|Áp lực nước: 0.05–0.75 MPa|Chất liệu: Đồng thau,"Vệ sinh định kỳ bằng khăn mềm, tránh hóa chất tẩy mạnh.",Theo cấu hình sản phẩm; phụ kiện đi kèm cần xác nhận khi báo giá.,Luxbath,"116 Thanh Đàm, Hà Nội",0989123788,Retailer tham khảo,LivLab,Luxbath,Quote-based commerce,Retailer tham khảo,https://luxbath.vn/voi-tam-dung-inax-bfv-615s-8c-p8466.html,Giá tham khảo từ Luxbath,"Thông tin, giá và ảnh tham khảo từ trang sản phẩm Luxbath; giá cuối cần xác nhận theo tồn kho, thời điểm và phương án lắp đặt."
llv-sho-inax-bfv615s3c,sen-cay-inax-bfv-615s-3c,Sen Cây Bát Vuông 5 Chế Độ INAX BFV-615S-3C,INAX,BFV-615S-3C,Sen tắm,Sen cây massage,7500000,12500000,7.500.000đ – 12.500.000đ,sản phẩm,Đồng thau,Crom/Niken,Chrome,319 x 400 x 1236 mm,Lắp tường/đứng,2 năm theo cấu hình,Việt Nam,Còn hàng/tùy thời điểm,Còn hàng,Cần xác nhận tồn kho showroom trước khi báo giá cuối.,https://luxbath.vn/images/products/2025/10/25/large/sen-tam-cay-bfv-615s-3c_1761387222.jpg,https://luxbath.vn/images/products/2025/10/25/large/sen-tam-cay-bfv-615s-3c_1761387222.jpg,Sen Cây Bát Vuông 5 Chế Độ INAX BFV-615S-3C,TRUE,https://luxbath.vn/images/products/2025/10/25/large/sen-tam-cay-bfv-615s-3c_1761387222.jpg,Hotel,Hotel|Luxury|Modern,Phòng tắm master|Concept luxury|Tắm thư giãn,Theo concept/phòng,Trên 60 triệu,"Sen cây INAX BFV-615S-3C có tay sen 5 chế độ massage, phù hợp concept phòng tắm cao cấp cần trải nghiệm thư giãn.",Tay sen 5 chế độ massage|Bát sen vuông|Thân đồng thau|Gác sen di chuyển dễ dàng,Kích thước lắp đặt: 319 x 400 x 1236 mm|Bát sen lớn: 307 x 189 mm|Áp lực nước: 0.05–0.75 MPa|Lớp mạ: Crom/Niken,"Vệ sinh định kỳ bằng khăn mềm, tránh hóa chất tẩy mạnh.",Theo cấu hình sản phẩm; phụ kiện đi kèm cần xác nhận khi báo giá.,Luxbath,"116 Thanh Đàm, Hà Nội",0989123788,Retailer tham khảo,LivLab,Luxbath,Quote-based commerce,Retailer tham khảo,https://luxbath.vn/inax-bfv-615s-3c-p16280.html,Giá tham khảo từ Luxbath,"Thông tin, giá và ảnh tham khảo từ trang sản phẩm Luxbath; giá cuối cần xác nhận theo tồn kho, thời điểm và phương án lắp đặt."
llv-sho-inax-bfv655t8c,sen-cay-nhiet-do-inax-bfv-655t-8c,Sen Cây Nhiệt Độ Tăng Áp INAX BFV-655T-8C,INAX,BFV-655T-8C,Sen tắm,Sen cây nhiệt độ,9800000,14500000,9.800.000đ – 14.500.000đ,sản phẩm,Đồng thau,Crom/Niken,Chrome/Trắng,575 x 1176 x 450 mm,Lắp tường/đứng,2 năm theo cấu hình,Việt Nam,Còn hàng/tùy thời điểm,Còn hàng,Cần xác nhận tồn kho showroom trước khi báo giá cuối.,https://luxbath.vn/images/products/2025/10/25/large/sen-tam-cay-bfv-655t-8c_1761387323.jpg,https://luxbath.vn/images/products/2025/10/25/large/sen-tam-cay-bfv-655t-8c_1761387323.jpg,Sen Cây Nhiệt Độ Tăng Áp INAX BFV-655T-8C,TRUE,https://luxbath.vn/images/products/2025/10/25/large/sen-tam-cay-bfv-655t-8c_1761387323.jpg,Luxury,Luxury|Hotel|Modern,Phòng tắm master|Concept spa|Tắm cao cấp,Theo concept/phòng,Trên 60 triệu,"Sen cây nhiệt độ INAX BFV-655T-8C có thiết kế hiện đại, bát sen tăng áp và khu điều khiển tiện dụng, phù hợp phòng tắm master.",Bát sen tăng áp|Bề mặt thân vòi có thể đặt đồ|Thiết kế nút nhấn tinh tế|Xả thác thư giãn,Kích thước lắp đặt: 575 x 1176 x 450 mm|Trọng lượng: 5 kg|Chất liệu: Đồng thau|Bát sen: Tăng áp,"Vệ sinh định kỳ bằng khăn mềm, tránh hóa chất tẩy mạnh.",Theo cấu hình sản phẩm; phụ kiện đi kèm cần xác nhận khi báo giá.,Luxbath,"116 Thanh Đàm, Hà Nội",0989123788,Retailer tham khảo,LivLab,Luxbath,Quote-based commerce,Retailer tham khảo,https://luxbath.vn/inax-bfv-655t-8c-p16134.html,Giá tham khảo từ Luxbath,"Thông tin, giá và ảnh tham khảo từ trang sản phẩm Luxbath; giá cuối cần xác nhận theo tồn kho, thời điểm và phương án lắp đặt."
llv-sho-inax-bfv915s,sen-tam-dung-inax-bfv-915s,Sen Tắm Đứng Nóng Lạnh INAX BFV-915S,INAX,BFV-915S,Sen tắm,Sen cây nóng lạnh,10490000,14840000,10.490.000đ – 14.840.000đ,sản phẩm,Đồng thau,Crom/Niken,Chrome,Theo model,Lắp tường/đứng,Theo chính sách INAX/Luxbath,Việt Nam,Còn hàng/tùy thời điểm,Còn hàng,Cần xác nhận tồn kho showroom trước khi báo giá cuối.,https://luxbath.vn/images/products/2025/10/27/large/sen-tam-dung-inax-bfv-915s_1761533716.jpg,https://luxbath.vn/images/products/2025/10/27/large/sen-tam-dung-inax-bfv-915s_1761533716.jpg,Sen Tắm Đứng Nóng Lạnh INAX BFV-915S,TRUE,https://luxbath.vn/images/products/2025/10/27/large/sen-tam-dung-inax-bfv-915s_1761533716.jpg,Luxury,Luxury|Hotel|Modern,Phòng tắm master|Tắm đứng|Concept khách sạn,Theo concept/phòng,Trên 60 triệu,"Sen tắm đứng nóng lạnh INAX BFV-915S kết hợp bộ sen tắm và phụ kiện sen cây, phù hợp phòng tắm cao cấp.",Sen cây nóng lạnh|Bát sen phun nước đều|Van ceramic bền|Lớp mạ Cr-Ni chất lượng cao,Áp lực nước: 0.05–0.75 MPa|Chất liệu: Đồng|Lớp mạ: Cr/Ni|Công nghệ sản xuất: Nhật Bản,"Vệ sinh định kỳ bằng khăn mềm, tránh hóa chất tẩy mạnh.",Theo cấu hình sản phẩm; phụ kiện đi kèm cần xác nhận khi báo giá.,Luxbath,"116 Thanh Đàm, Hà Nội",0989123788,Retailer tham khảo,LivLab,Luxbath,Quote-based commerce,Retailer tham khảo,https://luxbath.vn/sen-tam-dung-nong-lanh-inax-bfv-915s-p1564.html,Giá tham khảo từ Luxbath,"Thông tin, giá và ảnh tham khảo từ trang sản phẩm Luxbath; giá cuối cần xác nhận theo tồn kho, thời điểm và phương án lắp đặt."
llv-mir-gls-q21c85,guong-led-gls-q21c85-tron-vien-nhom-den-60cm,Gương LED GLS Q21C85 Tròn Viền Nhôm Đen 60cm,GLS,Q21C85,Gương,Gương LED tròn,3010000,3550000,3.010.000đ – 3.550.000đ,sản phẩm,Gương Guardian + khung nhôm,LED ánh sáng trong 3 màu,Đen,Ø600 x 40 mm,"Treo tường, cần điểm điện chờ",10 năm,Phôi gương Thái Lan; sản xuất tại Việt Nam,Có sẵn tại showroom,Còn hàng,Tồn kho và giá cuối cần được showroom xác nhận theo thời điểm báo giá.,https://luxbath.vn/images/products/2023/11/27/large/guong-gls-q21c85_1701072250.jpg,https://luxbath.vn/images/products/2023/11/27/large/guong-gls-q21c85_1701072250.jpg,Gương LED GLS Q21C85 Tròn Viền Nhôm Đen 60cm,TRUE,https://luxbath.vn/images/products/2023/11/27/large/guong-gls-q21c85_1701072250.jpg,Modern,Modern | Hotel | Luxury | Minimal,Phòng tắm căn hộ; khu lavabo; khách sạn mini,4–8 m²,30–60 triệu,"Gương LED tròn viền nhôm đen tạo điểm nhấn hiện đại cho khu lavabo, phù hợp concept tối giản hoặc hotel-style.","LED 3 màu trắng lạnh/trắng ấm/trắng tự nhiên | Cảm ứng không chạm, đổi màu và tăng giảm độ sáng | Khung nhôm mạ Anode, chống ẩm tốt | Dễ phối với vòi chrome/đen mờ","Kiểu dáng: tròn | Kích thước: Ø600 x 40mm | Nguồn: 60W, input 100V–240V, output 12V | Thời gian chiếu sáng: khoảng 36.000 giờ",Lau bằng khăn mềm; tránh hóa chất tẩy rửa mạnh; kiểm tra phụ kiện lắp đặt định kỳ.,Sản phẩm chính; phụ kiện/lắp đặt tùy theo chính sách showroom,Luxbath Partner Showroom,"116 Thanh Đàm, Hoàng Mai, Hà Nội",0989123788,Retailer tham khảo,LivLab,Luxbath Partner Showroom,Quote-based commerce,Showroom đối tác,https://luxbath.vn/gls-q21c85-p27409.html,Giá tham khảo từ trang sản phẩm/retailer tại thời điểm research,"Thông tin, giá và hình ảnh tham khảo từ Luxbath; giá cuối do showroom xác nhận."
llv-mir-gls-q22c85,guong-led-gls-q22c85-tron-vien-nhom-vang-60cm,Gương LED GLS Q22C85 Tròn Viền Nhôm Vàng 60cm,GLS,Q22C85,Gương,Gương LED tròn,3010000,3550000,3.010.000đ – 3.550.000đ,sản phẩm,Gương Guardian + khung nhôm,LED ánh sáng trong 3 màu,Vàng gold,Ø600 x 40 mm,"Treo tường, cần điểm điện chờ",10 năm,Phôi gương Thái Lan; sản xuất tại Việt Nam,Có sẵn tại showroom,Còn hàng,Tồn kho và giá cuối cần được showroom xác nhận theo thời điểm báo giá.,https://luxbath.vn/images/products/2023/11/27/large/guong-gls-q22c85_1701077020.jpg,https://luxbath.vn/images/products/2023/11/27/large/guong-gls-q22c85_1701077020.jpg,Gương LED GLS Q22C85 Tròn Viền Nhôm Vàng 60cm,TRUE,https://luxbath.vn/images/products/2023/11/27/large/guong-gls-q22c85_1701077020.jpg,Luxury,Luxury | Hotel | Warm Neutral | Japandi,Phòng tắm master; khu lavabo cao cấp; homestay boutique,5–10 m²,30–60 triệu,"Gương LED tròn viền vàng giúp khu lavabo sang hơn, phù hợp combo phòng tắm warm-neutral hoặc khách sạn.","LED 3 màu linh hoạt | Cảm ứng không chạm | Viền vàng tạo điểm nhấn luxury | Bas treo ẩn, tối giản khe hở",Kiểu dáng: tròn | Kích thước: Ø600 x 40mm | LED: warm/cool/natural white | Nguồn: 60W,Lau bằng khăn mềm; tránh hóa chất tẩy rửa mạnh; kiểm tra phụ kiện lắp đặt định kỳ.,Sản phẩm chính; phụ kiện/lắp đặt tùy theo chính sách showroom,Luxbath Partner Showroom,"116 Thanh Đàm, Hoàng Mai, Hà Nội",0989123788,Retailer tham khảo,LivLab,Luxbath Partner Showroom,Quote-based commerce,Showroom đối tác,https://luxbath.vn/gls-q22c85-p27410.html,Giá tham khảo từ trang sản phẩm/retailer tại thời điểm research,"Thông tin, giá và hình ảnh tham khảo từ Luxbath; giá cuối do showroom xác nhận."
llv-mir-gls-q23c85,guong-led-gls-q23c85-tron-vien-nhom-hong-60cm,Gương LED GLS Q23C85 Tròn Viền Nhôm Hồng 60cm,GLS,Q23C85,Gương,Gương LED tròn,3010000,3550000,3.010.000đ – 3.550.000đ,sản phẩm,Gương Guardian + khung nhôm,LED ánh sáng trong 3 màu,Hồng ánh kim,Ø600 x 40 mm,"Treo tường, cần điểm điện chờ",10 năm,Phôi gương Thái Lan; sản xuất tại Việt Nam,Có sẵn tại showroom,Còn hàng,Tồn kho và giá cuối cần được showroom xác nhận theo thời điểm báo giá.,https://luxbath.vn/images/products/2023/11/27/large/guong-gls-q23c85_1701077332.jpg,https://luxbath.vn/images/products/2023/11/27/large/guong-gls-q23c85_1701077332.jpg,Gương LED GLS Q23C85 Tròn Viền Nhôm Hồng 60cm,TRUE,https://luxbath.vn/images/products/2023/11/27/large/guong-gls-q23c85_1701077332.jpg,Warm Neutral,Warm Neutral | Boutique | Luxury,Phòng tắm nữ tính; studio; homestay boutique,4–8 m²,30–60 triệu,"Gương viền hồng ánh kim tạo cảm giác mềm và nổi bật, phù hợp không gian phòng tắm boutique hoặc vanity corner.","LED 3 màu | Cảm ứng không chạm | Khung nhôm màu hồng ánh kim | Dễ vệ sinh, chống mốc bề mặt",Kiểu dáng: tròn | Kích thước: Ø600 x 40mm | Nguồn: 60W | LED tuổi thọ tham khảo 36.000 giờ,Lau bằng khăn mềm; tránh hóa chất tẩy rửa mạnh; kiểm tra phụ kiện lắp đặt định kỳ.,Sản phẩm chính; phụ kiện/lắp đặt tùy theo chính sách showroom,Luxbath Partner Showroom,"116 Thanh Đàm, Hoàng Mai, Hà Nội",0989123788,Retailer tham khảo,LivLab,Luxbath Partner Showroom,Quote-based commerce,Showroom đối tác,https://luxbath.vn/gls-q23c85-p27411.html,Giá tham khảo từ trang sản phẩm/retailer tại thời điểm research,"Thông tin, giá và hình ảnh tham khảo từ Luxbath; giá cuối do showroom xác nhận."
llv-mir-gls-q24c85,guong-led-gls-q24c85-tron-vien-nhom-nau-60cm,Gương LED GLS Q24C85 Tròn Viền Nhôm Nâu 60cm,GLS,Q24C85,Gương,Gương LED tròn,3010000,3550000,3.010.000đ – 3.550.000đ,sản phẩm,Gương Guardian + khung nhôm,LED ánh sáng trong 3 màu,Nâu,Ø600 x 40 mm,"Treo tường, cần điểm điện chờ",10 năm,Phôi gương Thái Lan; sản xuất tại Việt Nam,Có sẵn tại showroom,Còn hàng,Tồn kho và giá cuối cần được showroom xác nhận theo thời điểm báo giá.,https://luxbath.vn/images/products/2023/11/27/large/guong-gls-q24c85_1701077577.jpg,https://luxbath.vn/images/products/2023/11/27/large/guong-gls-q24c85_1701077577.jpg,Gương LED GLS Q24C85 Tròn Viền Nhôm Nâu 60cm,TRUE,https://luxbath.vn/images/products/2023/11/27/large/guong-gls-q24c85_1701077577.jpg,Japandi,Japandi | Warm Neutral | Modern,Phòng tắm Japandi; căn hộ nhỏ; nhà phố,4–8 m²,30–60 triệu,"Gương LED tròn viền nâu hợp concept Japandi và warm-neutral, dễ phối với tủ lavabo gỗ hoặc gạch beige.",Cảm ứng không chạm | LED 3 màu | Viền nâu mềm hơn viền đen | Phù hợp khu lavabo cần ánh sáng nhẹ,Kiểu dáng: tròn | Kích thước: Ø600 x 40mm | Nguồn: 60W | Input voltage: 100V–240V,Lau bằng khăn mềm; tránh hóa chất tẩy rửa mạnh; kiểm tra phụ kiện lắp đặt định kỳ.,Sản phẩm chính; phụ kiện/lắp đặt tùy theo chính sách showroom,Luxbath Partner Showroom,"116 Thanh Đàm, Hoàng Mai, Hà Nội",0989123788,Retailer tham khảo,LivLab,Luxbath Partner Showroom,Quote-based commerce,Showroom đối tác,https://luxbath.vn/gls-q24c85-p27412.html,Giá tham khảo từ trang sản phẩm/retailer tại thời điểm research,"Thông tin, giá và hình ảnh tham khảo từ Luxbath; giá cuối do showroom xác nhận."
llv-mir-cleanmax-t01,guong-led-cleanmax-t01-treo-tuong,Gương Đèn LED Treo Tường CleanMax T01,CleanMax,T01,Gương,Gương LED treo tường,3600000,3600000,3.600.000đ,sản phẩm,Gương Bỉ + LED,"LED cảm ứng, chống mờ",Trắng/ánh sáng LED,20 x 20 cm theo nguồn; cần showroom xác nhận kích thước thực tế,"Treo tường, cần điểm điện chờ",10 năm,Trung Quốc / công nghệ Châu Âu theo nguồn,Có sẵn tại showroom,Còn hàng,Tồn kho và giá cuối cần được showroom xác nhận theo thời điểm báo giá.,https://luxbath.vn/images/products/2023/12/14/large/t01-_1702538001.jpg,https://luxbath.vn/images/products/2023/12/14/large/t01-_1702538001.jpg,Gương Đèn LED Treo Tường CleanMax T01,TRUE,https://luxbath.vn/images/products/2023/12/14/large/t01-_1702538001.jpg,Modern,Modern | Hotel | Luxury,Phòng tắm khách sạn; vanity corner; khu lavabo cần chống mờ,4–10 m²,30–60 triệu,"Gương LED CleanMax T01 tích hợp cảm ứng và chống mờ, phù hợp phòng tắm hiện đại cần ánh sáng thao tác tốt.",Cảm ứng bật/tắt | Sấy khô chống mờ | Hỗ trợ nghe nhạc theo mô tả nguồn | Thiết kế hiện đại,Model: T01 | Kiểu dáng: tròn | Loại gương: nửa thân | Bảo hành: 10 năm,Lau bằng khăn mềm; tránh hóa chất tẩy rửa mạnh; kiểm tra phụ kiện lắp đặt định kỳ.,Sản phẩm chính; phụ kiện/lắp đặt tùy theo chính sách showroom,Luxbath Partner Showroom,"116 Thanh Đàm, Hoàng Mai, Hà Nội",0989123788,Retailer tham khảo,LivLab,Luxbath Partner Showroom,Quote-based commerce,Showroom đối tác,https://luxbath.vn/cleanmax-t01-p27952.html,Giá tham khảo từ trang sản phẩm/retailer tại thời điểm research,"Thông tin, giá và hình ảnh tham khảo từ Luxbath; một số kích thước cần showroom xác nhận lại."
llv-mir-cleanmax-t03,guong-led-cleanmax-t03-treo-tuong,Gương Đèn LED Treo Tường CleanMax T03,CleanMax,T03,Gương,Gương LED treo tường,3600000,3600000,3.600.000đ,sản phẩm,Gương Bỉ + LED,"LED cảm ứng, chống mờ",Trắng/ánh sáng LED,Theo model T03; cần showroom xác nhận kích thước thực tế,"Treo tường, cần điểm điện chờ",10 năm,Việt Nam/Trung Quốc theo nguồn,Có sẵn tại showroom,Còn hàng,Tồn kho và giá cuối cần được showroom xác nhận theo thời điểm báo giá.,https://luxbath.vn/images/products/2023/12/14/large/t03-_1702537831.jpg,https://luxbath.vn/images/products/2023/12/14/large/t03-_1702537831.jpg,Gương Đèn LED Treo Tường CleanMax T03,TRUE,https://luxbath.vn/images/products/2023/12/14/large/t03-_1702537831.jpg,Modern,Modern | Hotel | Minimal,Phòng tắm căn hộ; khu lavabo cần chống mờ,4–9 m²,30–60 triệu,"CleanMax T03 là mẫu gương LED cảm ứng có chống mờ, phù hợp khu lavabo cần ánh sáng gọn gàng và hiện đại.",Chất liệu gương Bỉ | Sấy khô chống mờ | Cảm ứng điều khiển | Dễ phối phòng tắm modern,Model: T03 | Kiểu dáng: tròn | Bảo hành: 10 năm | Vị trí: khu lavabo/phòng tắm,Lau bằng khăn mềm; tránh hóa chất tẩy rửa mạnh; kiểm tra phụ kiện lắp đặt định kỳ.,Sản phẩm chính; phụ kiện/lắp đặt tùy theo chính sách showroom,Luxbath Partner Showroom,"116 Thanh Đàm, Hoàng Mai, Hà Nội",0989123788,Retailer tham khảo,LivLab,Luxbath Partner Showroom,Quote-based commerce,Showroom đối tác,https://luxbath.vn/cleanmax-t03-p27936.html,Giá tham khảo từ trang sản phẩm/retailer tại thời điểm research,"Thông tin, giá và hình ảnh tham khảo từ Luxbath; giá cuối do showroom xác nhận."
llv-van-duravit-br4050r1021,tu-chau-lavabo-duravit-br4050r1021,Tủ Chậu Lavabo Duravit BR4050R1021,Duravit,BR4050R1021,Tủ lavabo,Tủ chậu lavabo treo/tủ lavabo compact,22060000,22060000,22.060.000đ,sản phẩm,Nhựa PVC + chậu sứ,"Bề mặt siêu bóng, chống bám bẩn",Vân gỗ / trắng,442 x 434 x 339 mm,Treo/gắn tường hoặc lắp cùng chậu theo bộ,Theo chính sách showroom,Công nghệ Đức theo nguồn,Có sẵn tại showroom,Còn hàng,Tồn kho và giá cuối cần được showroom xác nhận theo thời điểm báo giá.,https://luxbath.vn/upload_images/images/2023/10/16/br4050r1021.webp,https://luxbath.vn/upload_images/images/2023/10/16/br4050r1021.webp,Tủ Chậu Lavabo Duravit BR4050R1021,TRUE,https://luxbath.vn/upload_images/images/2023/10/16/br4050r1021.webp,Luxury,Luxury | Modern | Hotel,Phòng tắm master; căn hộ cao cấp; khu lavabo cần lưu trữ,5–10 m²,Trên 60 triệu,"Tủ chậu Duravit BR4050R1021 giúp tăng lưu trữ dưới lavabo, phù hợp phòng tắm premium cần bề mặt dễ vệ sinh và cảm giác gọn gàng.","Bề mặt siêu bóng, chống bám bẩn | Tủ lưu trữ giúp phòng tắm gọn hơn | Độ bền cao, có tay cầm đóng mở | Phù hợp concept cao cấp",Mã sản phẩm: BR4050R1021 | Kích thước: 442 x 434 x 339mm | Chất liệu tủ: nhựa PVC | Công nghệ sản xuất: Đức,Lau bằng khăn mềm; tránh hóa chất tẩy rửa mạnh; kiểm tra phụ kiện lắp đặt định kỳ.,Sản phẩm chính; phụ kiện/lắp đặt tùy theo chính sách showroom,Luxbath Partner Showroom,"116 Thanh Đàm, Hoàng Mai, Hà Nội",0989123788,Retailer tham khảo,LivLab,Luxbath Partner Showroom,Quote-based commerce,Showroom đối tác,https://luxbath.vn/tu-chau-lavabo-duravit-br4050r1021-p26581.html,Giá tham khảo từ trang sản phẩm/retailer tại thời điểm research,"Thông tin, giá và hình ảnh tham khảo từ Luxbath; giá cuối do showroom xác nhận."
llv-acc-duraqua-s6609,ke-guong-duraqua-s6609,Kệ Gương Duraqua S6609,Duraqua,S6609,Phụ kiện,Kệ gương/kệ kính,890000,990000,890.000đ – 990.000đ,sản phẩm,Hợp kim nhôm + kính,Chrome/kính trong,Bạc chrome,600 x 140 x 80 mm,Gắn tường dưới gương,1 năm,Nhật Bản theo nguồn,Có sẵn tại showroom,Còn hàng,Tồn kho và giá cuối cần được showroom xác nhận theo thời điểm báo giá.,https://luxbath.vn/upload_images/images/2021/10/29/ke-guong-hop-kim-nhom-duraqua-s6609.webp,https://luxbath.vn/upload_images/images/2021/10/29/ke-guong-hop-kim-nhom-duraqua-s6609.webp,Kệ Gương Duraqua S6609,TRUE,https://luxbath.vn/upload_images/images/2021/10/29/ke-guong-hop-kim-nhom-duraqua-s6609.webp,Modern,Modern | Minimal | Hotel,Phòng tắm nhỏ; khu lavabo cần kệ mỹ phẩm,3–8 m²,Dưới 30 triệu,"Kệ gương Duraqua S6609 giúp tăng không gian đặt mỹ phẩm dưới gương, phù hợp phòng tắm nhỏ cần lưu trữ gọn.",Chất liệu hợp kim nhôm và kính | Dễ lắp đặt và sử dụng | Kích thước nhỏ gọn | Phù hợp phòng tắm ẩm,"Mã sản phẩm: S6609 | Kích thước: 600 x 140 x 80mm | Chất liệu: hợp kim nhôm, kính | Xuất xứ: Nhật Bản theo nguồn",Lau bằng khăn mềm; tránh hóa chất tẩy rửa mạnh; kiểm tra phụ kiện lắp đặt định kỳ.,Sản phẩm chính; phụ kiện/lắp đặt tùy theo chính sách showroom,Luxbath Partner Showroom,"116 Thanh Đàm, Hoàng Mai, Hà Nội",0989123788,Retailer tham khảo,LivLab,Luxbath Partner Showroom,Quote-based commerce,Showroom đối tác,https://luxbath.vn/ke-guong-duraqua-s6609-p10373.html,Giá tham khảo từ trang sản phẩm/retailer tại thời điểm research,"Thông tin, giá và hình ảnh tham khảo từ Luxbath; giá cuối do showroom xác nhận."
llv-acc-techbath-t1206-04,ke-duoi-guong-techbath-t1206-04,Kệ Dưới Gương Techbath T1206.04,Techbath,T1206.04,Phụ kiện,Kệ gương/kệ kính,824000,1030000,824.000đ – 1.030.000đ,sản phẩm,Inox 304 + kính cường lực,Chrome + kính trong,Bạc chrome,500 x 145 x 62 mm,Gắn tường dưới gương,10 năm,Theo nguồn Luxbath,Có sẵn tại showroom,Còn hàng,Tồn kho và giá cuối cần được showroom xác nhận theo thời điểm báo giá.,https://luxbath.vn/upload_images/images/2026/04/17/techbath-t1206_04-1020x354.webp,https://luxbath.vn/upload_images/images/2026/04/17/techbath-t1206_04-1020x354.webp,Kệ Dưới Gương Techbath T1206.04,TRUE,https://luxbath.vn/upload_images/images/2026/04/17/techbath-t1206_04-1020x354.webp,Modern,Modern | Minimal | Hotel,Khu lavabo; phòng tắm nhỏ; homestay,3–8 m²,Dưới 30 triệu,"Kệ dưới gương Techbath T1206.04 dùng inox 304 và kính cường lực, hợp để sắp xếp đồ dùng nhỏ ở khu lavabo.","Inox 304 chống gỉ | Kính cường lực dễ vệ sinh | Tối ưu không gian dưới gương | Thiết kế gọn, dễ phối",Mã sản phẩm: T1206.04 | Kích thước: 500 x 145 x 62mm | Chất liệu: inox 304 + kính cường lực | Bảo hành: 10 năm,Lau bằng khăn mềm; tránh hóa chất tẩy rửa mạnh; kiểm tra phụ kiện lắp đặt định kỳ.,Sản phẩm chính; phụ kiện/lắp đặt tùy theo chính sách showroom,Luxbath Partner Showroom,"116 Thanh Đàm, Hoàng Mai, Hà Nội",0989123788,Retailer tham khảo,LivLab,Luxbath Partner Showroom,Quote-based commerce,Showroom đối tác,https://luxbath.vn/techbath-t1206-04-p47172.html,Giá tham khảo từ trang sản phẩm/retailer tại thời điểm research,"Thông tin, giá và hình ảnh tham khảo từ Luxbath; giá cuối do showroom xác nhận."
llv-acc-cotto-ct0062hm,ke-kinh-duoi-guong-cotto-ct0062-hm,Kệ Kính Dưới Gương COTTO CT0062(HM),COTTO,CT0062(HM),Phụ kiện,Kệ gương/kệ kính,2650000,3200000,2.650.000đ – 3.200.000đ,sản phẩm,Inox cao cấp + kính cường lực,Niken/Crôm dày 8 micron,Bạc chrome,660 mm,Gắn tường dưới gương,1 năm,Thái Lan,Có sẵn tại showroom,Còn hàng,Tồn kho và giá cuối cần được showroom xác nhận theo thời điểm báo giá.,https://luxbath.vn/upload_images/images/2022/03/25/ke-kinh-duoi-guong-cotto-ct0062-hm-.webp,https://luxbath.vn/upload_images/images/2022/03/25/ke-kinh-duoi-guong-cotto-ct0062-hm-.webp,Kệ Kính Dưới Gương COTTO CT0062(HM),TRUE,https://luxbath.vn/upload_images/images/2022/03/25/ke-kinh-duoi-guong-cotto-ct0062-hm-.webp,Hotel,Hotel | Luxury | Modern,Phòng tắm cao cấp; khách sạn; khu lavabo dài,4–10 m²,30–60 triệu,"Kệ kính COTTO CT0062(HM) có thiết kế chrome sang, giúp khu lavabo gọn gàng và đồng bộ với phụ kiện kim loại.",Thiết kế hiện đại | Kính cường lực dễ vệ sinh | Hoàn thiện Niken/Crôm | Phù hợp concept khách sạn,"Mã sản phẩm: CT0062(HM) | Kích thước: 660mm | Chất liệu: inox cao cấp, kính cường lực | Công nghệ sản xuất: Thái Lan",Lau bằng khăn mềm; tránh hóa chất tẩy rửa mạnh; kiểm tra phụ kiện lắp đặt định kỳ.,Sản phẩm chính; phụ kiện/lắp đặt tùy theo chính sách showroom,Luxbath Partner Showroom,"116 Thanh Đàm, Hoàng Mai, Hà Nội",0989123788,Retailer tham khảo,LivLab,Luxbath Partner Showroom,Quote-based commerce,Showroom đối tác,https://luxbath.vn/ke-kinh-duoi-guong-cotto-ct0062-hm--p12709.html,Giá tham khảo từ trang sản phẩm/retailer tại thời điểm research,"Thông tin, giá và hình ảnh tham khảo từ Luxbath; giá cuối do showroom xác nhận."
llv-acc-miken-mg3001,pheu-thoat-san-ngang-miken-mg-3001,Phễu Thoát Sàn Ngang Miken MG-3001,Miken,MG-3001,Phụ kiện,Phễu thoát sàn,510000,680000,510.000đ – 680.000đ,sản phẩm,Inox/SUS 304 theo nhóm sản phẩm,Xước mờ kim loại,Bạc inox,Mặt 100 x 75 x 100mm; bề mặt 120 x 120mm,Âm sàn/khu vực thoát nước phòng tắm,Theo chính sách showroom,Trung Quốc; công nghệ Nhật Bản theo nguồn,Có sẵn tại showroom,Còn hàng,Tồn kho và giá cuối cần được showroom xác nhận theo thời điểm báo giá.,https://luxbath.vn/images/products/2023/10/19/large/miken-mg-3001_1697767030.jpg,https://luxbath.vn/images/products/2023/10/19/large/miken-mg-3001_1697767030.jpg,Phễu Thoát Sàn Ngang Miken MG-3001,TRUE,https://luxbath.vn/images/products/2023/10/19/large/miken-mg-3001_1697767030.jpg,Modern,Modern | Minimal | Budget,Khu tắm đứng; sàn phòng tắm; nhà thuê/homestay,2–10 m²,Dưới 30 triệu,"Phễu thoát sàn Miken MG-3001 giúp thoát nước nhanh và hạn chế rác/tóc đi xuống đường ống, phù hợp khu tắm đứng.",Thoát nước nhanh | Tháo lắp dễ vệ sinh | Phù hợp sàn nhà vệ sinh | Thiết kế ngang gọn,Mã sản phẩm: MG-3001 | Kích thước mặt: 100 x 75 x 100mm | Kích thước bề mặt: 120 x 120mm | Phi 76–90 theo nguồn,Lau bằng khăn mềm; tránh hóa chất tẩy rửa mạnh; kiểm tra phụ kiện lắp đặt định kỳ.,Sản phẩm chính; phụ kiện/lắp đặt tùy theo chính sách showroom,Luxbath Partner Showroom,"116 Thanh Đàm, Hoàng Mai, Hà Nội",0989123788,Retailer tham khảo,LivLab,Luxbath Partner Showroom,Quote-based commerce,Showroom đối tác,https://luxbath.vn/pheu-thoat-san-ngang-miken-mg-3001-p26720.html,Giá tham khảo từ trang sản phẩm/retailer tại thời điểm research,"Thông tin, giá và hình ảnh tham khảo từ Luxbath; giá cuối do showroom xác nhận."
llv-fau-premier-9005,voi-lavabo-premier-9005-nong-lanh,Vòi Lavabo Gật Gù Nóng Lạnh Premier 9005,Premier,9005,Vòi lavabo,Vòi lavabo 1 chân thấp,1950000,1950000,1.950.000đ,sản phẩm,Đồng,Chrome bóng,Chrome,160 x 120 mm,Gắn chậu/gắn bàn 1 lỗ,Theo chính sách showroom,Việt Nam / công nghệ Thái Lan theo nguồn,Có sẵn tại showroom,Còn hàng,Tồn kho và giá cuối cần được showroom xác nhận theo thời điểm báo giá.,https://luxbath.vn/images/products/2025/03/16/large/premier-9005_1742088367.png,https://luxbath.vn/images/products/2025/03/16/large/premier-9005_1742088367.png,Vòi Lavabo Gật Gù Nóng Lạnh Premier 9005,TRUE,https://luxbath.vn/images/products/2025/03/16/large/premier-9005_1742088367.png,Modern,Modern | Minimal | Budget,Lavabo âm bàn; lavabo treo; bàn đá thấp,3–8 m²,Dưới 30 triệu,"Premier 9005 là vòi lavabo nóng lạnh dáng thấp, phù hợp phòng tắm căn hộ cần lựa chọn tiết kiệm nhưng vẫn gọn gàng.",Đồng nguyên sinh tỷ lệ cao theo nguồn | Dễ vệ sinh | Thiết kế gật gù tiện dùng | Phù hợp nhiều loại lavabo,Mã sản phẩm: 9005 | Kích thước: 160 x 120mm | Vật liệu: đồng | Màu sắc: chrome,Lau bằng khăn mềm; tránh hóa chất tẩy rửa mạnh; kiểm tra phụ kiện lắp đặt định kỳ.,Sản phẩm chính; phụ kiện/lắp đặt tùy theo chính sách showroom,Luxbath Partner Showroom,"116 Thanh Đàm, Hoàng Mai, Hà Nội",0989123788,Retailer tham khảo,LivLab,Luxbath Partner Showroom,Quote-based commerce,Showroom đối tác,https://luxbath.vn/premier-9005-p39997.html,Giá tham khảo từ trang sản phẩm/retailer tại thời điểm research,"Thông tin, giá và hình ảnh tham khảo từ Luxbath; giá cuối do showroom xác nhận."
llv-tile-vid-d6615,gach-granite-vid-d6615-60x60-van-da-beige,Gạch Granite VID D6615 60x60 Vân Đá Beige,VID Nam Định,D6615,Gạch ốp,Gạch lát nền granite,320000,420000,320.000đ – 420.000đ,sản phẩm,Granite đồng chất,Men bóng/vân đá,Beige marble,600 x 600 mm,Lát nền hoặc ốp tường theo tư vấn thi công,Theo chính sách showroom,Việt Nam,Có sẵn tại showroom,Còn hàng,Tồn kho và giá cuối cần được showroom xác nhận theo thời điểm báo giá.,https://luxbath.vn/upload_images/images/2020/08/31/D6615.webp,https://luxbath.vn/upload_images/images/2020/08/31/D6615.webp,Gạch Granite VID D6615 60x60 Vân Đá Beige,TRUE,https://luxbath.vn/upload_images/images/2020/08/31/D6615.webp,Warm Neutral,Warm Neutral | Luxury | Hotel,Sàn phòng tắm khô; khu vanity; căn hộ/homestay,4–12 m²,30–60 triệu,"Gạch granite VID D6615 vân đá beige giúp không gian sáng và ấm, phù hợp concept phòng tắm warm-neutral hoặc hotel-style.",Vân đá sáng tạo cảm giác rộng | Xương granite cứng chắc | Phối tốt với lavabo trắng và phụ kiện chrome | Dùng làm material board cho concept,Mã tham khảo: D6615 | Kích thước: 60x60cm | Chất liệu: granite | Đơn vị giá: tham khảo theo m²,Lau bằng khăn mềm; tránh hóa chất tẩy rửa mạnh; kiểm tra phụ kiện lắp đặt định kỳ.,Sản phẩm chính; phụ kiện/lắp đặt tùy theo chính sách showroom,Luxbath Partner Showroom,"116 Thanh Đàm, Hoàng Mai, Hà Nội",0989123788,Retailer tham khảo,LivLab,Luxbath Partner Showroom,Quote-based commerce,Showroom đối tác,https://luxbath.vn/thong-tin-chung/6-uu-diem-cua-gach-granite-vid-nam-dinh-ban-can-biet-khi-mua-gach-n934.html,Giá tham khảo từ trang sản phẩm/retailer tại thời điểm research,"Dữ liệu gạch dùng làm material-board prototype, ảnh và thông tin tham khảo từ bài viết Luxbath; cần xác nhận mã/giá showroom khi triển khai thật."
llv-tile-vid-d6606,gach-granite-vid-d6606-60x60-xam-ngoai-troi,Gạch Granite VID D6606 60x60 Xám Sáng,VID Nam Định,D6606,Gạch ốp,Gạch lát nền granite,320000,450000,320.000đ – 450.000đ,sản phẩm,Granite đồng chất,Men matt/chống trơn tham khảo,Xám sáng,600 x 600 mm,Lát nền khu tắm/sàn phụ theo tư vấn thi công,Theo chính sách showroom,Việt Nam,Có sẵn tại showroom,Còn hàng,Tồn kho và giá cuối cần được showroom xác nhận theo thời điểm báo giá.,https://luxbath.vn/upload_images/images/2020/08/31/vid%20d6606.webp,https://luxbath.vn/upload_images/images/2020/08/31/vid%20d6606.webp,Gạch Granite VID D6606 60x60 Xám Sáng,TRUE,https://luxbath.vn/upload_images/images/2020/08/31/vid%20d6606.webp,Minimal,Minimal | Modern | Budget,Phòng tắm nhỏ; nhà thuê; homestay cần dễ vệ sinh,3–10 m²,Dưới 30 triệu,"Gạch xám sáng giúp phòng tắm sạch, dễ phối với sen/vòi chrome và concept minimal.",Màu xám dễ phối | Phù hợp không gian cần cảm giác sạch | Có thể dùng làm nền concept minimal | Tham khảo nhóm granite VID chống thấm tốt,Mã tham khảo: D6606 | Kích thước: 60x60cm | Chất liệu: granite | Đơn vị giá: tham khảo theo m²,Lau bằng khăn mềm; tránh hóa chất tẩy rửa mạnh; kiểm tra phụ kiện lắp đặt định kỳ.,Sản phẩm chính; phụ kiện/lắp đặt tùy theo chính sách showroom,Luxbath Partner Showroom,"116 Thanh Đàm, Hoàng Mai, Hà Nội",0989123788,Retailer tham khảo,LivLab,Luxbath Partner Showroom,Quote-based commerce,Showroom đối tác,https://luxbath.vn/thong-tin-chung/6-uu-diem-cua-gach-granite-vid-nam-dinh-ban-can-biet-khi-mua-gach-n934.html,Giá tham khảo từ trang sản phẩm/retailer tại thời điểm research,"Dữ liệu gạch dùng làm material-board prototype, ảnh và thông tin tham khảo từ Luxbath; cần showroom xác nhận mã/giá cuối."
llv-tile-hex-bathroom-anti-slip,gach-nen-nha-tam-luc-giac-chong-tron,Gạch Nền Nhà Tắm Lục Giác Chống Trơn,Material Board,HEX-BATH-01,Gạch ốp,Gạch nền nhà tắm chống trơn,280000,520000,280.000đ – 520.000đ,sản phẩm,Ceramic/porcelain chống trơn tham khảo,Bề mặt nhám,Trắng/xám,Lục giác nhỏ; kích thước theo nhà cung cấp,Lát sàn phòng tắm/khu ướt,Theo nhà cung cấp,Tham khảo thị trường,Có sẵn tại showroom,Còn hàng,Tồn kho và giá cuối cần được showroom xác nhận theo thời điểm báo giá.,https://luxbath.vn/upload_images/images/nen-nha-tam%281%29.webp,https://luxbath.vn/upload_images/images/nen-nha-tam%281%29.webp,Gạch Nền Nhà Tắm Lục Giác Chống Trơn,TRUE,https://luxbath.vn/upload_images/images/nen-nha-tam%281%29.webp,Minimal,Minimal | Modern | Family-friendly,Phòng tắm nhỏ; nhà có trẻ em/người lớn tuổi; khu tắm ướt,2–8 m²,Dưới 30 triệu,"Gạch lục giác chống trơn phù hợp khu sàn phòng tắm ướt, hỗ trợ giảm nguy cơ trơn trượt và tăng điểm nhấn visual.",Bề mặt nhiều mạch tạo ma sát | Hợp phòng tắm nhỏ | Tạo pattern visual sạch | Dễ phối gạch tường trắng,Loại: gạch nền chống trơn | Bề mặt: nhám/anti-slip tham khảo | Ứng dụng: sàn phòng tắm | Đơn vị giá: tham khảo theo m²,Lau bằng khăn mềm; tránh hóa chất tẩy rửa mạnh; kiểm tra phụ kiện lắp đặt định kỳ.,Sản phẩm chính; phụ kiện/lắp đặt tùy theo chính sách showroom,Luxbath Partner Showroom,"116 Thanh Đàm, Hoàng Mai, Hà Nội",0989123788,Retailer tham khảo,LivLab,Luxbath Partner Showroom,Quote-based commerce,Showroom đối tác,https://luxbath.vn/thong-tin-chung/lam-the-nao-de-nha-tam-khong-bi-tron-truot--n2964.html,Giá tham khảo từ trang sản phẩm/retailer tại thời điểm research,Material-board prototype dựa trên bài hướng dẫn chống trơn; cần thay bằng mã gạch cụ thể khi có catalogue showroom.
llv-tile-viglacera-gloss-living,gach-op-lat-viglacera-men-bong-sang,Gạch Ốp Lát Viglacera Men Bóng Sáng,Viglacera,VIG-GLOSS-REF,Gạch ốp,Gạch ốp/lát men bóng,280000,480000,280.000đ – 480.000đ,sản phẩm,Ceramic/granite theo nhóm sản phẩm,Men bóng chống bám bẩn,Kem sáng,60x60cm hoặc tùy mã sản phẩm,Ốp/lát theo tư vấn thi công,Theo chính sách showroom,Việt Nam,Có sẵn tại showroom,Còn hàng,Tồn kho và giá cuối cần được showroom xác nhận theo thời điểm báo giá.,https://luxbath.vn/upload_images/images/2020/06/28/gach-op-lat-viglacera.webp,https://luxbath.vn/upload_images/images/2020/06/28/gach-op-lat-viglacera.webp,Gạch Ốp Lát Viglacera Men Bóng Sáng,TRUE,https://luxbath.vn/upload_images/images/2020/06/28/gach-op-lat-viglacera.webp,Modern,Modern | Luxury | Hotel,Phòng tắm sáng; khu vanity; căn hộ cần cảm giác rộng,4–12 m²,30–60 triệu,"Gạch men bóng sáng giúp tăng phản xạ ánh sáng, phù hợp concept phòng tắm hotel-style hoặc không gian cần cảm giác rộng.","Bề mặt sáng, dễ lau | Phù hợp phong cách modern/luxury | Dễ phối với lavabo trắng | Dùng làm material board cho concept","Nhóm: gạch ốp/lát Viglacera | Kích thước phổ biến: 30x60, 60x60, 80x80 theo bài nguồn | Bề mặt: men bóng/matt tùy mã | Đơn vị giá: tham khảo theo m²",Lau bằng khăn mềm; tránh hóa chất tẩy rửa mạnh; kiểm tra phụ kiện lắp đặt định kỳ.,Sản phẩm chính; phụ kiện/lắp đặt tùy theo chính sách showroom,Luxbath Partner Showroom,"116 Thanh Đàm, Hoàng Mai, Hà Nội",0989123788,Retailer tham khảo,LivLab,Luxbath Partner Showroom,Quote-based commerce,Showroom đối tác,https://luxbath.vn/thong-tin-chung/6-diem-khac-biet-cua-gach-op-lat-viglacera-so-1-thi-truong-n767.html,Giá tham khảo từ trang sản phẩm/retailer tại thời điểm research,"Material-board prototype dựa trên bài viết Luxbath; cần showroom xác nhận mã gạch, giá và tồn kho cụ thể."
llv-acc-bancoot-lk528s,lo-giay-ve-sinh-kin-inox-304-bancoot-lk528-s,Lô Giấy Vệ Sinh Kín Inox 304 Bancoot LK528-S,Bancoot,LK528-S,Phụ kiện,Lô giấy vệ sinh,330000,415000,330.000đ – 415.000đ,/cái,Inox 304,Inox xước bạc,Bạc,Theo model,Gắn tường,Theo chính sách showroom,Việt Nam,Còn hàng,Còn hàng,Showroom xác nhận tồn kho trước khi báo giá,https://luxbath.vn/images/products/2021/12/06/resized/lo-giay-ve-sinh-kin-inox-304-bancoot-lk528-s_1638785138.jpg,https://luxbath.vn/images/products/2021/12/06/resized/lo-giay-ve-sinh-kin-inox-304-bancoot-lk528-s_1638785138.jpg,Lô giấy vệ sinh kín inox 304 Bancoot LK528-S,TRUE,https://luxbath.vn/images/products/2021/12/06/resized/lo-giay-ve-sinh-kin-inox-304-bancoot-lk528-s_1638785138.jpg,Modern,Modern|Hotel|Minimal,Phòng tắm gia đình|Phòng tắm căn hộ|Khu vực bồn cầu cần giữ giấy khô,3–8 m²,Dưới 30 triệu,"Lô giấy vệ sinh kín Bancoot LK528-S sử dụng inox 304, thiết kế hộp kín giúp bảo vệ giấy khỏi ẩm và bụi trong môi trường phòng tắm. Phù hợp các concept phòng tắm hiện đại cần phụ kiện đồng bộ, bền và dễ vệ sinh.",Thiết kế kín bảo vệ giấy khỏi ẩm|Inox 304 chống hoen gỉ|Dễ lắp đặt và sử dụng|Kiểu dáng gọn gàng cho khu vực bồn cầu,Mã sản phẩm: LK528-S|Chất liệu: Inox 304|Kiểu lắp đặt: gắn tường|Ứng dụng: lô giấy vệ sinh kín|Màu hoàn thiện: inox bạc,Lau bằng khăn mềm|Tránh chất tẩy có tính ăn mòn mạnh,Lô giấy vệ sinh|Phụ kiện lắp đặt theo showroom,Luxbath,"116 Thanh Đàm, Hoàng Mai, Hà Nội",0989123788,Retailer tham khảo,LivLab,Luxbath,Quote-based commerce,Retailer tham khảo,https://luxbath.vn/lo-giay-ve-sinh-kin-inox-304-bancoot-lk528-s-p10888.html,Giá tham khảo từ Luxbath,"Thông tin, ảnh và giá tham khảo từ trang sản phẩm Luxbath; giá cuối cần xác nhận theo tồn kho và thời điểm báo giá."
llv-acc-bancoot-lk528p,lo-giay-ve-sinh-kin-inox-bong-304-bancoot-lk528-p,Lô Giấy Vệ Sinh Kín Inox Bóng 304 Bancoot LK528-P,Bancoot,LK528-P,Phụ kiện,Lô giấy vệ sinh,300000,375000,300.000đ – 375.000đ,/cái,Inox 304,Inox bóng,Bạc bóng,Theo model,Gắn tường,Theo chính sách showroom,Việt Nam,Còn hàng,Còn hàng,Showroom xác nhận tồn kho trước khi báo giá,https://luxbath.vn/upload_images/images/2021/12/06/lo-giay-ve-sinh-kin-inox-304-bancoot-lk528-p.webp,https://luxbath.vn/upload_images/images/2021/12/06/lo-giay-ve-sinh-kin-inox-304-bancoot-lk528-p.webp,Lô giấy vệ sinh kín inox bóng 304 Bancoot LK528-P,TRUE,https://luxbath.vn/upload_images/images/2021/12/06/lo-giay-ve-sinh-kin-inox-304-bancoot-lk528-p.webp,Modern,Modern|Minimal|Warm Neutral,Phòng tắm căn hộ|Phòng tắm nhà thuê|Khu vực bồn cầu cần phụ kiện chống ẩm,3–8 m²,Dưới 30 triệu,"Lô giấy vệ sinh Bancoot LK528-P có bề mặt inox bóng, thiết kế hộp kín để giữ giấy sạch và khô hơn. Đây là phụ kiện nhỏ nhưng quan trọng để hoàn thiện combo phòng tắm gọn gàng, dễ bảo trì.",Inox 304 bền trong môi trường ẩm|Bề mặt bóng dễ lau chùi|Thiết kế kín bảo vệ giấy|Phù hợp nhiều concept phòng tắm hiện đại,Mã sản phẩm: LK528-P|Chất liệu: Inox 304|Hoàn thiện: inox bóng|Kiểu lắp đặt: gắn tường|Ứng dụng: đựng giấy vệ sinh,Lau khô định kỳ|Không dùng miếng chà nhám trên bề mặt bóng,Lô giấy vệ sinh|Phụ kiện lắp đặt theo showroom,Luxbath,"116 Thanh Đàm, Hoàng Mai, Hà Nội",0989123788,Retailer tham khảo,LivLab,Luxbath,Quote-based commerce,Retailer tham khảo,https://luxbath.vn/lo-giay-ve-sinh-kin-inox-304-bancoot-lk528-p-p10887.html,Giá tham khảo từ Luxbath,"Thông tin, ảnh và giá tham khảo từ trang sản phẩm Luxbath; giá cuối cần xác nhận theo tồn kho và thời điểm báo giá."
llv-acc-bancoot-lkip7,lo-giay-ve-sinh-inox-304-co-khay-bancoot-lk-ip7,Lô Giấy Vệ Sinh Inox 304 Có Khay Bancoot LK IP7,Bancoot,LK IP7,Phụ kiện,Lô giấy vệ sinh,480000,480000,480.000đ,/cái,Inox 304,Inox bóng + khay kính,Bạc,Theo model,Gắn tường,Theo chính sách showroom,Việt Nam,Còn hàng,Còn hàng,Showroom xác nhận tồn kho trước khi báo giá,https://luxbath.vn/images/products/2021/12/06/resized/lo-giay-ve-sinh-inox-304-co-khay-bancoot-lk-ip7-lkip7-_1638764796.jpg,https://luxbath.vn/images/products/2021/12/06/resized/lo-giay-ve-sinh-inox-304-co-khay-bancoot-lk-ip7-lkip7-_1638764796.jpg,Lô giấy vệ sinh inox 304 có khay Bancoot LK IP7,TRUE,https://luxbath.vn/images/products/2021/12/06/resized/lo-giay-ve-sinh-inox-304-co-khay-bancoot-lk-ip7-lkip7-_1638764796.jpg,Modern,Modern|Hotel|Compact,Phòng tắm căn hộ|Phòng tắm khách sạn mini|Khu vực bồn cầu cần khay đặt điện thoại/vật nhỏ,4–10 m²,Dưới 30 triệu,"Lô giấy vệ sinh Bancoot LK IP7 tích hợp khay đặt vật dụng nhỏ, tiện cho phòng tắm compact và căn hộ hiện đại. Chất liệu inox 304 giúp phụ kiện bền hơn trong môi trường ẩm.",Có khay đặt vật dụng nhỏ|Inox 304 chống hoen gỉ|Dễ sử dụng và lắp đặt|Tối ưu khu vực bồn cầu nhỏ,"Mã sản phẩm: LK IP7|Chất liệu: Inox 304|Kiểu: lô giấy có khay|Kiểu lắp đặt: gắn tường|Ứng dụng: phòng tắm căn hộ, homestay",Lau khay và thân inox bằng khăn mềm|Tránh để vật quá nặng trên khay,Lô giấy có khay|Phụ kiện lắp đặt theo showroom,Luxbath,"116 Thanh Đàm, Hoàng Mai, Hà Nội",0989123788,Retailer tham khảo,LivLab,Luxbath,Quote-based commerce,Retailer tham khảo,https://luxbath.vn/lo-giay-ve-sinh-inox-304-co-khay-bancoot-lk-ip7-lkip7--p10874.html,Giá tham khảo từ Luxbath,"Thông tin, ảnh và giá tham khảo từ trang sản phẩm Luxbath; giá cuối cần xác nhận theo tồn kho và thời điểm báo giá."
llv-acc-bancoot-lk55611,lo-giay-ve-sinh-inox-304-bancoot-lk55611,Lô Giấy Vệ Sinh Inox 304 Bancoot LK55611,Bancoot,LK55611,Phụ kiện,Lô giấy vệ sinh,580000,725000,580.000đ – 725.000đ,/cái,Inox 304,Mạ vàng / inox cao cấp,Vàng ánh kim,Theo model,Gắn tường,Theo chính sách showroom,Việt Nam,Còn hàng,Còn hàng,Showroom xác nhận tồn kho trước khi báo giá,https://luxbath.vn/images/products/2022/01/03/resized/lo-giay-ve-sinh-inox-304-bancoot-lk55611_1641204704.jpg,https://luxbath.vn/images/products/2022/01/03/resized/lo-giay-ve-sinh-inox-304-bancoot-lk55611_1641204704.jpg,Lô giấy vệ sinh inox 304 Bancoot LK55611,TRUE,https://luxbath.vn/images/products/2022/01/03/resized/lo-giay-ve-sinh-inox-304-bancoot-lk55611_1641204704.jpg,Luxury,Luxury|Hotel|Warm Neutral,Phòng tắm khách sạn|Phòng tắm master|Concept có chi tiết vàng champagne,5–12 m²,30–60 triệu,"Bancoot LK55611 là lô giấy vệ sinh inox 304 với hoàn thiện tông vàng, phù hợp các concept phòng tắm luxury hoặc hotel-style cần phụ kiện đồng bộ và nổi bật hơn so với inox bạc thông thường.",Inox 304 bền chắc|Tông vàng sang trọng|Dễ lắp đặt và sử dụng|Phù hợp concept khách sạn/luxury,Mã sản phẩm: LK55611|Chất liệu: Inox 304|Màu hoàn thiện: vàng|Kiểu lắp đặt: gắn tường|Ứng dụng: khu vực bồn cầu,Lau bằng khăn mềm|Tránh chất tẩy có tính mài mòn để giữ bề mặt mạ,Lô giấy vệ sinh|Phụ kiện lắp đặt theo showroom,Luxbath,"116 Thanh Đàm, Hoàng Mai, Hà Nội",0989123788,Retailer tham khảo,LivLab,Luxbath,Quote-based commerce,Retailer tham khảo,https://luxbath.vn/lo-giay-ve-sinh-inox-304-bancoot-lk55611-p11318.html,Giá tham khảo từ Luxbath,"Thông tin, ảnh và giá tham khảo từ trang sản phẩm Luxbath; giá cuối cần xác nhận theo tồn kho và thời điểm báo giá."
llv-acc-bancoot-lk501s,vat-khan-gian-co-moc-inox-304-bancoot-lk501s,Giàn Vắt Khăn Có Móc Inox 304 Bancoot LK501S,Bancoot,LK501S,Phụ kiện,Giá treo khăn,1570000,1960000,1.570.000đ – 1.960.000đ,/cái,Inox 304,Inox bóng,Bạc,Theo model,Gắn tường,Theo chính sách showroom,Việt Nam,Còn hàng,Còn hàng,Showroom xác nhận tồn kho trước khi báo giá,https://luxbath.vn/upload_images/images/2021/12/07/vat-khan-gian-co-moc-inox-304-bancoot-lk501s.webp,https://luxbath.vn/upload_images/images/2021/12/07/vat-khan-gian-co-moc-inox-304-bancoot-lk501s.webp,Giàn vắt khăn có móc inox 304 Bancoot LK501S,TRUE,https://luxbath.vn/upload_images/images/2021/12/07/vat-khan-gian-co-moc-inox-304-bancoot-lk501s.webp,Modern,Modern|Hotel|Family-friendly,Phòng tắm gia đình|Phòng tắm master|Không gian cần treo nhiều khăn,5–12 m²,30–60 triệu,"Giàn vắt khăn Bancoot LK501S có cấu trúc nhiều thanh và móc, phù hợp phòng tắm gia đình cần treo khăn tắm, khăn mặt và phụ kiện gọn gàng. Inox 304 giúp sản phẩm bền hơn trong môi trường ẩm.",Nhiều thanh treo và móc tiện dụng|Inox 304 chịu ẩm tốt|Kết cấu chắc chắn|Phù hợp phòng tắm gia đình hoặc homestay,Mã sản phẩm: LK501S|Chất liệu: Inox 304|Kiểu: giàn vắt khăn có móc|Kiểu lắp đặt: gắn tường|Ứng dụng: treo khăn tắm/khăn mặt,Lau khô sau khi vệ sinh|Không treo quá tải trọng khuyến nghị của showroom,Giàn treo khăn|Phụ kiện lắp đặt theo showroom,Luxbath,"116 Thanh Đàm, Hoàng Mai, Hà Nội",0989123788,Retailer tham khảo,LivLab,Luxbath,Quote-based commerce,Retailer tham khảo,https://luxbath.vn/vat-khan-gian-co-moc-inox-304-bancoot-lk501s-p10895.html,Giá tham khảo từ Luxbath,"Thông tin, ảnh và giá tham khảo từ trang sản phẩm Luxbath; giá cuối cần xác nhận theo tồn kho và thời điểm báo giá."
llv-acc-bancoot-lk55501,vat-khan-gian-inox-304-bancoot-lk55501,Vắt Khăn Giàn Inox 304 Bancoot LK55501,Bancoot,LK55501,Phụ kiện,Giá treo khăn,1190000,1490000,1.190.000đ – 1.490.000đ,/cái,Inox 304,Inox bóng,Bạc,Theo model,Gắn tường,Theo chính sách showroom,Việt Nam,Còn hàng,Còn hàng,Showroom xác nhận tồn kho trước khi báo giá,https://luxbath.vn/upload_images/images/2021/12/07/vat-khan-gian-inox-304-bancoot-lk55501.webp,https://luxbath.vn/upload_images/images/2021/12/07/vat-khan-gian-inox-304-bancoot-lk55501.webp,Vắt khăn giàn inox 304 Bancoot LK55501,TRUE,https://luxbath.vn/upload_images/images/2021/12/07/vat-khan-gian-inox-304-bancoot-lk55501.webp,Modern,Modern|Minimal|Hotel,Phòng tắm căn hộ|Phòng tắm gia đình|Khu vực cần treo khăn gọn,4–10 m²,30–60 triệu,"Bancoot LK55501 là giàn vắt khăn inox 304 với thiết kế treo tường gọn, phù hợp các concept phòng tắm hiện đại cần tối ưu diện tích nhưng vẫn có đủ không gian treo khăn.",Thiết kế nhiều thanh treo|Inox 304 chống hoen gỉ|Kiểu gắn tường tiết kiệm diện tích|Dễ phối với lavabo/gương inox bạc,Mã sản phẩm: LK55501|Chất liệu: Inox 304|Kiểu: giàn vắt khăn treo tường|Ứng dụng: treo khăn tắm và khăn mặt|Màu hoàn thiện: inox bạc,Lau bằng khăn mềm|Tránh để hóa chất đọng lâu trên bề mặt inox,Giàn treo khăn|Phụ kiện lắp đặt theo showroom,Luxbath,"116 Thanh Đàm, Hoàng Mai, Hà Nội",0989123788,Retailer tham khảo,LivLab,Luxbath,Quote-based commerce,Retailer tham khảo,https://luxbath.vn/vat-khan-gian-inox-304-bancoot-lk55501-p10897.html,Giá tham khảo từ Luxbath,"Thông tin, ảnh và giá tham khảo từ trang sản phẩm Luxbath; giá cuối cần xác nhận theo tồn kho và thời điểm báo giá."
llv-acc-bancoot-lk2509a,vat-khan-doi-inox-304-bancoot-lk-2509a,Vắt Khăn Đôi Inox 304 Bancoot LK 2509A,Bancoot,LK 2509A,Phụ kiện,Giá treo khăn,820000,1025000,820.000đ – 1.025.000đ,/cái,Inox 304,Mạ vàng,Vàng ánh kim,Theo model,Gắn tường,Theo chính sách showroom,Việt Nam,Còn hàng,Còn hàng,Showroom xác nhận tồn kho trước khi báo giá,https://luxbath.vn/upload_images/images/2022/10/19/bancoot-lk-2509a.webp,https://luxbath.vn/upload_images/images/2022/10/19/bancoot-lk-2509a.webp,Vắt khăn đôi inox 304 Bancoot LK 2509A,TRUE,https://luxbath.vn/upload_images/images/2022/10/19/bancoot-lk-2509a.webp,Luxury,Luxury|Hotel|Warm Neutral,Phòng tắm hotel-style|Phòng tắm master|Concept có chi tiết vàng,5–12 m²,30–60 triệu,"Vắt khăn đôi Bancoot LK 2509A sử dụng inox 304 mạ vàng, phù hợp với phòng tắm có phụ kiện tông vàng đồng bộ như vòi lavabo vàng, gương viền vàng hoặc kệ kính mạ vàng.",Thiết kế hai thanh treo tiện lợi|Inox 304 mạ vàng sang trọng|Dễ lắp đặt|Phù hợp concept hotel/luxury,Mã sản phẩm: LK 2509A|Chất liệu: Inox 304 mạ vàng|Kiểu: vắt khăn đôi|Kiểu lắp đặt: gắn tường|Ứng dụng: treo khăn mặt/khăn tay,Lau bằng khăn mềm|Không dùng hóa chất tẩy mạnh trên bề mặt mạ vàng,Thanh treo khăn đôi|Phụ kiện lắp đặt theo showroom,Luxbath,"116 Thanh Đàm, Hoàng Mai, Hà Nội",0989123788,Retailer tham khảo,LivLab,Luxbath,Quote-based commerce,Retailer tham khảo,https://luxbath.vn/bancoot-lk-2509a-p10904.html,Giá tham khảo từ Luxbath / dòng sản phẩm tương tự,Thông tin và ảnh tham khảo từ trang sản phẩm Luxbath; giá cuối cần xác nhận theo tồn kho và thời điểm báo giá.
llv-acc-bancoot-e55813,ke-kinh-duoi-guong-inox-304-bancoot-e55813,Kệ Kính Dưới Gương Inox 304 Bancoot E55813,Bancoot,E55813,Phụ kiện,Kệ gương,670000,835000,670.000đ – 835.000đ,/cái,Kính cường lực + Inox 304,Inox bóng,Kính trong + bạc,Theo model,Gắn tường dưới gương,Theo chính sách showroom,Việt Nam,Còn hàng,Còn hàng,Showroom xác nhận tồn kho trước khi báo giá,https://luxbath.vn/images/products/2022/10/19/large/bancoot-e55813_1666171908.jpg,https://luxbath.vn/images/products/2022/10/19/large/bancoot-e55813_1666171908.jpg|https://luxbath.vn/images/products/2022/10/19/small/bancoot-e55813_1666171908.jpg,Kệ kính dưới gương inox 304 Bancoot E55813,TRUE,https://luxbath.vn/images/products/2022/10/19/large/bancoot-e55813_1666171908.jpg,Modern,Modern|Minimal|Hotel,Khu lavabo|Phòng tắm căn hộ|Concept cần thêm kệ để mỹ phẩm nhỏ,3–8 m²,Dưới 30 triệu,"Kệ kính dưới gương Bancoot E55813 kết hợp kính cường lực và inox 304, dùng để đặt sữa rửa mặt, ly cốc hoặc phụ kiện nhỏ tại khu lavabo. Đây là món phối cùng hữu ích cho concept phòng tắm nhỏ.",Kính cường lực dễ lau|Inox 304 chống ẩm|Lắp dưới gương tối ưu không gian|Phù hợp khu lavabo compact,Mã sản phẩm: E55813|Chất liệu: kính cường lực + Inox 304|Kiểu: kệ kính dưới gương|Kiểu lắp đặt: gắn tường|Ứng dụng: để phụ kiện lavabo,Không đặt vật quá nặng|Lau kính bằng khăn mềm và dung dịch phù hợp,Kệ kính|Phụ kiện lắp đặt theo showroom,Luxbath,"116 Thanh Đàm, Hoàng Mai, Hà Nội",0989123788,Retailer tham khảo,LivLab,Luxbath,Quote-based commerce,Retailer tham khảo,https://luxbath.vn/bancoot-e55813-p10868.html,Giá tham khảo từ Luxbath / dòng kệ gương Bancoot,Thông tin và ảnh tham khảo từ trang sản phẩm Luxbath; giá cuối cần xác nhận theo tồn kho và thời điểm báo giá.
llv-acc-bancoot-kk552,ke-kinh-duoi-guong-bancoot-kk-552,Kệ Kính Dưới Gương Bancoot KK-552,Bancoot,KK-552,Phụ kiện,Kệ gương,300000,315000,300.000đ – 315.000đ,/cái,Kính cường lực + Inox,Inox bóng,Kính trong + bạc,Theo model,Gắn tường dưới gương,Theo chính sách showroom,Việt Nam,Còn hàng,Còn hàng,Showroom xác nhận tồn kho trước khi báo giá,https://luxbath.vn/images/products/2022/01/04/large/ke-kinh-duoi-guong-bancoot-kk-552_1641262465.jpg,https://luxbath.vn/images/products/2022/01/04/large/ke-kinh-duoi-guong-bancoot-kk-552_1641262465.jpg|https://luxbath.vn/images/products/2022/01/03/large/ke-kinh-duoi-guong-bancoot-kk-552_1641262055.jpg,Kệ kính dưới gương Bancoot KK-552,TRUE,https://luxbath.vn/images/products/2022/01/04/large/ke-kinh-duoi-guong-bancoot-kk-552_1641262465.jpg,Minimal,Minimal|Modern|Budget,Phòng tắm căn hộ nhỏ|Phòng tắm nhà thuê|Khu lavabo cần thêm kệ giá tốt,3–8 m²,Dưới 30 triệu,"Bancoot KK-552 là kệ kính dưới gương giá tốt, phù hợp phòng tắm nhỏ cần thêm bề mặt đặt đồ mà không làm không gian bị nặng. Thiết kế kính trong giúp giữ cảm giác nhẹ và sạch.",Giá tốt cho combo tiết kiệm|Kính trong dễ phối|Gắn tường tiết kiệm diện tích|Phù hợp khu lavabo nhỏ,Mã sản phẩm: KK-552|Chất liệu: kính + inox|Kiểu: kệ kính dưới gương|Kiểu lắp đặt: gắn tường|Ứng dụng: để đồ khu lavabo,Lau kính định kỳ|Tránh va đập mạnh vào mép kính,Kệ kính|Phụ kiện lắp đặt theo showroom,Luxbath,"116 Thanh Đàm, Hoàng Mai, Hà Nội",0989123788,Retailer tham khảo,LivLab,Luxbath,Quote-based commerce,Retailer tham khảo,https://luxbath.vn/ke-kinh-duoi-guong-bancoot-kk-552-p11323.html,Giá tham khảo từ Luxbath,"Thông tin, ảnh và giá tham khảo từ trang sản phẩm Luxbath; giá cuối cần xác nhận theo tồn kho và thời điểm báo giá."
llv-acc-ariston-vitaly-15l,binh-nong-lanh-ariston-vitaly-15l-vuong,Bình Nóng Lạnh Ariston Vitaly 15L Vuông,Ariston,Vitaly 15L,Phụ kiện,Bình nóng lạnh,1780000,3277000,1.780.000đ – 3.277.000đ,/bộ,"Vỏ nhựa cao cấp, bình chứa tráng men Titan",Trắng,Trắng,360 x 360 x 318 mm,"Treo tường, bình gián tiếp",7 năm,Theo thông tin hãng/showroom,Còn hàng,Còn hàng,Showroom xác nhận tồn kho và lắp đặt trước khi báo giá,https://luxbath.vn/images/products/2025/11/29/large/binh-nong-lanh-ariston-vitaly-15l_1764351551.jpg,https://luxbath.vn/images/products/2025/11/29/large/binh-nong-lanh-ariston-vitaly-15l_1764351551.jpg|https://luxbath.vn/images/products/2025/11/29/resized/binh-nong-lanh-ariston-vitaly-15l_1764351551.jpg,Bình nóng lạnh Ariston Vitaly 15L vuông,TRUE,https://luxbath.vn/images/products/2025/11/29/large/binh-nong-lanh-ariston-vitaly-15l_1764351551.jpg,Modern,Modern|Minimal|Family-friendly,Phòng tắm căn hộ|Gia đình 1–2 người|Combo phòng tắm có nhu cầu nước nóng,3–8 m²,Dưới 30 triệu,"Ariston Vitaly 15L là bình nước nóng gián tiếp dung tích nhỏ, phù hợp phòng tắm căn hộ hoặc nhà thuê cần giải pháp nước nóng cơ bản. Sản phẩm có thiết kế vuông gọn và thường được đưa vào combo phòng tắm hoàn thiện.",Dung tích 15L phù hợp 1–2 người|Bình chứa tráng men Titan|Thanh đốt đồng|Tích hợp hệ thống an toàn ELCB/TBST theo thông tin showroom,Mã sản phẩm: Vitaly 15L|Dung tích: 15 lít|Kích thước: 360 x 360 x 318 mm|Nhiệt độ tối đa: 75°C|Áp lực nước: tối đa 0.75 Mpa|Bảo hành: 7 năm,Cần lắp đặt bởi kỹ thuật điện nước|Bảo dưỡng định kỳ theo khuyến nghị showroom,Bình nóng lạnh|Phụ kiện/lắp đặt xác nhận khi báo giá,Luxbath,"116 Thanh Đàm, Hoàng Mai, Hà Nội",0989123788,Retailer tham khảo,LivLab,Luxbath,Quote-based commerce,Retailer tham khảo,https://luxbath.vn/binh-nong-lanh-ariston-vitaly-15l-p9610.html,Giá tham khảo từ Luxbath,"Thông tin, ảnh và giá tham khảo từ trang sản phẩm Luxbath; giá cuối cần xác nhận theo tồn kho, thời điểm và phương án lắp đặt."
llv-acc-ariston-andris2-15b,binh-nong-lanh-ariston-andris2-15b-15-lit-vuong,Bình Nóng Lạnh Ariston Andris2 15B 15 Lít Vuông,Ariston,Andris2 15B,Phụ kiện,Bình nóng lạnh,2150000,3000000,2.150.000đ – 3.000.000đ,/bộ,"Vỏ nhựa cao cấp, ruột bình theo tiêu chuẩn hãng",Trắng / xám,Trắng xám,Theo model,"Treo tường, bình gián tiếp",Theo chính sách hãng/showroom,Theo thông tin hãng/showroom,Ngừng sản xuất / tham khảo,Đặt trước,Dùng làm sản phẩm tham khảo; showroom xác nhận model thay thế khi báo giá,https://luxbath.vn/images/products/2025/12/01/resized/binh-nong-lanh-ariston-andris2-15b-15-lit-vuong_1764559368.jpg,https://luxbath.vn/images/products/2025/12/01/resized/binh-nong-lanh-ariston-andris2-15b-15-lit-vuong_1764559368.jpg,Bình nóng lạnh Ariston Andris2 15B 15 lít vuông,TRUE,https://luxbath.vn/images/products/2025/12/01/resized/binh-nong-lanh-ariston-andris2-15b-15-lit-vuong_1764559368.jpg,Modern,Modern|Minimal|Family-friendly,Phòng tắm căn hộ|Combo phòng tắm cần nước nóng|Khách cần model tham khảo tương đương,3–8 m²,Dưới 30 triệu,"Ariston Andris2 15B là bình nước nóng 15 lít dạng vuông, phù hợp làm lựa chọn tham khảo trong combo phòng tắm cần giải pháp nước nóng. Vì trạng thái có thể thay đổi, LivLab/showroom cần xác nhận model thay thế khi báo giá.",Dung tích 15L|Thiết kế vuông gọn|Phù hợp phòng tắm nhỏ|Có thể dùng làm model tham khảo để tư vấn sản phẩm tương đương,Mã sản phẩm: Andris2 15B|Dung tích: 15 lít|Kiểu dáng: vuông|Loại: bình nước nóng gián tiếp|Trạng thái tham khảo: ngừng sản xuất/đặt trước theo showroom,Cần lắp đặt bởi kỹ thuật điện nước|Kiểm tra model thay thế trước khi báo giá,Bình nóng lạnh|Phụ kiện/lắp đặt xác nhận khi báo giá,Luxbath,"116 Thanh Đàm, Hoàng Mai, Hà Nội",0989123788,Retailer tham khảo,LivLab,Luxbath,Quote-based commerce,Retailer tham khảo,https://luxbath.vn/binh-nong-lanh-ariston-andris2-15b-15-lit-vuong-p628.html,Giá tham khảo từ Luxbath,Trang nguồn ghi sản phẩm ở trạng thái ngừng sản xuất; dùng làm dữ liệu tham khảo cho prototype và cần showroom xác nhận model thay thế khi báo giá.
llv-mir-dinhquoc-dq67016,guong-led-phong-tam-dinh-quoc-dq-67016-500x700,Gương LED Phòng Tắm Đình Quốc ĐQ 67016 500x700mm,Đình Quốc,ĐQ 67016,Gương,Gương LED,1800000,1800000,1.800.000 VNĐ,sản phẩm,Kính,Gương LED hình chữ nhật,Bạc / kính,500 x 700 mm,"Treo tường, cần điểm điện 220V",5 năm,Việt Nam,Có sẵn tại showroom,Còn hàng,Xác nhận tồn kho trước khi báo giá,https://luxbath.vn/upload_images/images/2024/04/09/dinh-quoc-dq-67016-500x700mm.webp,https://luxbath.vn/upload_images/images/2024/04/09/dinh-quoc-dq-67016-500x700mm.webp,Gương LED phòng tắm Đình Quốc ĐQ 67016 500x700mm,TRUE,https://luxbath.vn/upload_images/images/2024/04/09/dinh-quoc-dq-67016-500x700mm.webp,Modern,Modern|Hotel|Warm Neutral,Phòng tắm căn hộ|Phòng tắm khách sạn|Khu lavabo cần ánh sáng LED,4–10 m²,30–60 triệu,"Gương LED Đình Quốc ĐQ 67016 kích thước 500x700mm, phù hợp khu lavabo hiện đại cần ánh sáng bổ trợ và mặt gương dễ vệ sinh trong môi trường ẩm.",Đèn LED cảm ứng|Gương tráng bạc chống nấm mốc|Dễ lau chùi|Phù hợp concept phòng tắm hiện đại,Mã: ĐQ 67016|Kiểu dáng: chữ nhật|Nguồn điện: 220V|Chất liệu: kính|Bảo hành gương: 5 năm,Lau bằng khăn mềm|Tránh hóa chất tẩy rửa mạnh lên bề mặt gương,Gương LED|Phụ kiện treo/lắp đặt theo nhà bán,Luxbath Hà Nội,"116 Thanh Đàm, Hoàng Mai, Hà Nội",0989123788,Retailer tham khảo,LivLab,Luxbath Hà Nội,Quote-based commerce,Retailer tham khảo,https://luxbath.vn/dinh-quoc-dq-67016-500x700mm-p32200.html,Giá tham khảo từ Luxbath tại thời điểm nghiên cứu,"Thông tin và hình ảnh tham khảo từ Luxbath; giá cuối cần được LivLab/showroom xác nhận theo tồn kho, thời điểm và phương án lắp đặt."
llv-mir-karat-em0240250,guong-led-karat-em-02-402-50-den-led-co-khung,Gương LED Karat EM-02-402-50 Có Khung,Karat,EM-02-402-50,Gương,Gương LED,0,0,Liên hệ báo giá,sản phẩm,"Gương, khung nhôm","LED 3 màu, khung mỏng",Gương / khung sáng,420 x 50 x 620 mm,"Treo tường, cần điểm điện",3 năm,Đang cập nhật,Liên hệ showroom,Đặt trước,"Sản phẩm có giá liên hệ, cần xác nhận giá tại thời điểm báo giá",https://luxbath.vn/images/products/2026/03/14/large/karat-em-02-402-50_1773469364.jpg,https://luxbath.vn/images/products/2026/03/14/large/karat-em-02-402-50_1773469364.jpg,Gương LED Karat EM-02-402-50,TRUE,https://luxbath.vn/images/products/2026/03/14/large/karat-em-02-402-50_1773469364.jpg,Modern,Modern|Luxury|Hotel,Phòng tắm master|Khu lavabo cần gương LED có khung|Căn hộ cao cấp,5–12 m²,Trên 60 triệu,"Gương LED Karat EM-02-402-50 có khung và ánh sáng LED 3 màu, phù hợp concept phòng tắm hiện đại hoặc hotel-style cần điểm nhấn gương cao cấp.",LED 3 màu|Khung nhôm|Cảm ứng trên mặt gương|Thiết kế hiện đại,Mã: EM-02-402-50|Kích thước: 420 x 50 x 620 mm|Chất liệu khung: nhôm|Bảo hành: 3 năm,Không xịt nước trực tiếp vào công tắc cảm ứng|Lau mặt gương bằng khăn mềm,Gương LED|Phụ kiện lắp đặt theo nhà bán,Luxbath Hà Nội,"116 Thanh Đàm, Hoàng Mai, Hà Nội",0989123788,Retailer tham khảo,LivLab,Luxbath Hà Nội,Quote-based commerce,Retailer tham khảo,https://luxbath.vn/karat-em-02-402-50-p46774.html,Giá tham khảo từ Luxbath tại thời điểm nghiên cứu,"Thông tin và hình ảnh tham khảo từ Luxbath; giá cuối cần được LivLab/showroom xác nhận theo tồn kho, thời điểm và phương án lắp đặt."
llv-acc-bancoot-xf552,khay-xa-phong-inox-bancoot-xf-552,Khay Xà Phòng Bancoot XF-552,Bancoot,XF-552,Phụ kiện,Khay xà phòng,240000,300000,240.000–300.000 VNĐ,sản phẩm,"Đồng mạ crom, kính cường lực",Chrome bóng,Chrome / kính,Theo model,Gắn tường,Theo chính sách nhà bán,Việt Nam,Có sẵn tại showroom,Còn hàng,Xác nhận tồn kho trước khi báo giá,https://luxbath.vn/upload_images/images/2022/01/04/ke-dung-xa-phong-inox-304-bancoot-xf-552.webp,https://luxbath.vn/upload_images/images/2022/01/04/ke-dung-xa-phong-inox-304-bancoot-xf-552.webp,Khay xà phòng Bancoot XF-552,TRUE,https://luxbath.vn/upload_images/images/2022/01/04/ke-dung-xa-phong-inox-304-bancoot-xf-552.webp,Modern,Modern|Minimal|Hotel,Khu lavabo|Phòng tắm căn hộ|Nhà cho thuê,3–8 m²,Dưới 30 triệu,"Khay xà phòng Bancoot XF-552 gắn tường, giúp khu lavabo gọn hơn và đồng bộ với phụ kiện chrome trong phòng tắm.",Gắn tường tiết kiệm diện tích|Lớp mạ bền|Kết cấu chắc chắn|Dễ vệ sinh,Mã: XF-552|Chất liệu: đồng mạ crom và kính cường lực|Kiểu lắp: gắn tường|Xuất xứ: Việt Nam,Lau khô sau khi sử dụng|Tránh chất tẩy có tính axit mạnh,Khay xà phòng|Bộ vít/phụ kiện lắp đặt theo nhà bán,Luxbath Hà Nội,"116 Thanh Đàm, Hoàng Mai, Hà Nội",0989123788,Retailer tham khảo,LivLab,Luxbath Hà Nội,Quote-based commerce,Retailer tham khảo,https://luxbath.vn/ke-dung-xa-phong-inox-304-bancoot-xf-552-p11327.html,Giá tham khảo từ Luxbath tại thời điểm nghiên cứu,"Thông tin và hình ảnh tham khảo từ Luxbath; giá cuối cần được LivLab/showroom xác nhận theo tồn kho, thời điểm và phương án lắp đặt."
llv-acc-bancoot-e5410,gia-dung-binh-xa-phong-inox-304-bancoot-e5410,Giá Đựng Bình Xà Phòng Inox 304 Bancoot E5410,Bancoot,E5410,Phụ kiện,Bình xà phòng,630000,785000,630.000–785.000 VNĐ,sản phẩm,"Inox SUS304, bình kính/mờ",Chrome bóng,Chrome / trắng mờ,Theo model,Gắn tường,Theo chính sách nhà bán,Việt Nam,Có sẵn tại showroom,Còn hàng,,https://luxbath.vn/upload_images/images/2022/10/19/bancoot-e55410.webp,https://luxbath.vn/upload_images/images/2022/10/19/bancoot-e55410.webp,Giá đựng bình xà phòng Bancoot E5410,TRUE,https://luxbath.vn/upload_images/images/2022/10/19/bancoot-e55410.webp,Modern,Modern|Hotel|Luxury,Khu lavabo|Phòng tắm khách sạn|Phòng tắm gia đình,4–12 m²,Dưới 30 triệu,"Giá đựng bình xà phòng Bancoot E5410 gắn tường, phù hợp khu lavabo cần phụ kiện đồng bộ và gọn gàng.",Inox 304 chống gỉ|Thiết kế gắn tường|Dễ bơm xà phòng|Phù hợp phòng tắm ẩm,Mã: E5410|Chất liệu: SUS304|Kiểu lắp: gắn tường|Bề mặt: chrome bóng,Vệ sinh đầu bơm định kỳ|Không dùng hóa chất mài mòn,Giá đựng bình xà phòng|Phụ kiện lắp đặt theo nhà bán,Luxbath Hà Nội,"116 Thanh Đàm, Hoàng Mai, Hà Nội",0989123788,Retailer tham khảo,LivLab,Luxbath Hà Nội,Quote-based commerce,Retailer tham khảo,https://luxbath.vn/bancoot-e55410-p10848.html,Giá tham khảo từ Luxbath tại thời điểm nghiên cứu,"Thông tin và hình ảnh tham khảo từ Luxbath; giá cuối cần được LivLab/showroom xác nhận theo tồn kho, thời điểm và phương án lắp đặt."
llv-acc-bancoot-lk8813,ke-de-do-1-tang-inox-304-bancoot-lk-8813,Kệ Để Đồ 1 Tầng Inox 304 Bancoot LK 8813,Bancoot,LK 8813,Phụ kiện,Kệ để đồ,1050000,1300000,1.050.000–1.300.000 VNĐ,sản phẩm,Inox 304,Chrome bóng,Chrome,Theo model,Gắn tường,Theo chính sách nhà bán,Việt Nam,Có sẵn tại showroom,Còn hàng,,https://luxbath.vn/upload_images/images/2022/10/20/bancoot-lk-8813.webp,https://luxbath.vn/upload_images/images/2022/10/20/bancoot-lk-8813.webp,Kệ để đồ 1 tầng Bancoot LK 8813,TRUE,https://luxbath.vn/upload_images/images/2022/10/20/bancoot-lk-8813.webp,Modern,Modern|Hotel|Family-friendly,Phòng tắm gia đình|Phòng tắm master|Homestay,5–12 m²,30–60 triệu,"Kệ để đồ 1 tầng Bancoot LK 8813 bằng inox 304, hỗ trợ lưu trữ chai lọ và phụ kiện tắm, phù hợp phòng tắm gia đình hoặc homestay.",Inox 304 chống gỉ|Có nhiều khoang để đồ|Gắn tường tiết kiệm diện tích|Phù hợp môi trường ẩm,Mã: LK 8813|Chất liệu: Inox 304|Kiểu lắp: gắn tường|Xuất xứ: Việt Nam,Lau khô định kỳ|Không để hóa chất ăn mòn lâu trên bề mặt,Kệ để đồ|Bộ vít/phụ kiện theo nhà bán,Luxbath Hà Nội,"116 Thanh Đàm, Hoàng Mai, Hà Nội",0989123788,Retailer tham khảo,LivLab,Luxbath Hà Nội,Quote-based commerce,Retailer tham khảo,https://luxbath.vn/bancoot-lk-8813-p17217.html,Giá tham khảo từ Luxbath tại thời điểm nghiên cứu,"Thông tin và hình ảnh tham khảo từ Luxbath; giá cuối cần được LivLab/showroom xác nhận theo tồn kho, thời điểm và phương án lắp đặt."
llv-acc-bancoot-lk2513a,gia-dung-xa-phong-ma-vang-bancoot-lk-2513a,Giá Đựng Xà Phòng Mạ Vàng Bancoot LK 2513A,Bancoot,LK 2513A,Phụ kiện,Khay xà phòng,890000,1110000,890.000–1.110.000 VNĐ,sản phẩm,Inox SUS304 mạ vàng,Mạ vàng,Vàng,Theo model,Gắn tường,Theo chính sách nhà bán,Việt Nam,Có sẵn tại showroom,Còn hàng,,https://luxbath.vn/upload_images/images/2022/10/19/bancoot-lk-2513a.webp,https://luxbath.vn/upload_images/images/2022/10/19/bancoot-lk-2513a.webp,Giá đựng xà phòng mạ vàng Bancoot LK 2513A,TRUE,https://luxbath.vn/upload_images/images/2022/10/19/bancoot-lk-2513a.webp,Luxury,Luxury|Hotel|Warm Neutral,Phòng tắm luxury|Phòng tắm khách sạn|Khu lavabo có phụ kiện vàng,5–12 m²,30–60 triệu,"Giá đựng xà phòng Bancoot LK 2513A mạ vàng, phù hợp concept phòng tắm cao cấp dùng phụ kiện màu vàng hoặc champagne.",Inox SUS304|Bề mặt mạ vàng|Gắn tường|Tạo điểm nhấn luxury,Mã: LK 2513A|Chất liệu: Inox SUS304 mạ vàng|Kiểu lắp: gắn tường|Xuất xứ: Việt Nam,Lau bằng khăn mềm|Tránh hóa chất tẩy rửa mạnh để bảo vệ lớp mạ,Giá đựng xà phòng|Phụ kiện lắp đặt theo nhà bán,Luxbath Hà Nội,"116 Thanh Đàm, Hoàng Mai, Hà Nội",0989123788,Retailer tham khảo,LivLab,Luxbath Hà Nội,Quote-based commerce,Retailer tham khảo,https://luxbath.vn/bancoot-lk-2513a-p10850.html,Giá tham khảo từ Luxbath tại thời điểm nghiên cứu,"Thông tin và hình ảnh tham khảo từ Luxbath; giá cuối cần được LivLab/showroom xác nhận theo tồn kho, thời điểm và phương án lắp đặt."
llv-light-hans-h4b,den-suoi-4-bong-am-tran-hans-h4b,Đèn Sưởi 4 Bóng Âm Trần Hans H4B,Hans,H4B,Đèn,Đèn sưởi phòng tắm,1150000,1290000,1.150.000–1.290.000 VNĐ,sản phẩm,"Nhựa kỹ thuật, bóng hồng ngoại",Trắng,Trắng,Bề mặt 40 x 40 cm; lỗ khoét 29.5 x 29.5 cm,Âm trần,Theo chính sách nhà bán,Công nghệ Đức; linh kiện theo nhà bán,Có sẵn tại showroom,Còn hàng,,https://luxbath.vn/upload_images/images/2021/09/08/kich-thuoc-den-suoi-4-bong-am-tran-hans-h4b-.jpg,https://luxbath.vn/upload_images/images/2021/09/08/kich-thuoc-den-suoi-4-bong-am-tran-hans-h4b-.jpg,Đèn sưởi 4 bóng âm trần Hans H4B,TRUE,https://luxbath.vn/upload_images/images/2021/09/08/kich-thuoc-den-suoi-4-bong-am-tran-hans-h4b-.jpg,Modern,Modern|Family-friendly|Hotel,Phòng tắm mùa lạnh|Gia đình có trẻ nhỏ/người lớn tuổi|Phòng tắm master,4–8 m²,Dưới 30 triệu,"Đèn sưởi âm trần Hans H4B 4 bóng, phù hợp phòng tắm cần làm ấm nhanh và giữ không gian gọn gàng nhờ kiểu lắp âm trần.",4 bóng sưởi|Lắp âm trần|Làm ấm nhanh|Có quạt thông gió/đèn chiếu sáng theo mô tả nguồn,Model: H4B|Số bóng: 4|Công suất tham khảo: 1.180W|Kích thước bề mặt: 40 x 40 cm|Lỗ khoét: 29.5 x 29.5 cm|Chiều cao lắp đặt tối thiểu: 180 cm,Lắp đặt bởi thợ điện/nội thất có kinh nghiệm|Không để nước xịt trực tiếp vào thiết bị,Đèn sưởi âm trần|Hướng dẫn/phụ kiện theo nhà bán,Luxbath Hà Nội,"116 Thanh Đàm, Hoàng Mai, Hà Nội",0989123788,Retailer tham khảo,LivLab,Luxbath Hà Nội,Quote-based commerce,Retailer tham khảo,https://luxbath.vn/den-suoi-4-bong-am-tran-hans-h4b-p9785.html,Giá tham khảo từ Luxbath tại thời điểm nghiên cứu,"Thông tin và hình ảnh tham khảo từ Luxbath; giá cuối cần được LivLab/showroom xác nhận theo tồn kho, thời điểm và phương án lắp đặt."
llv-light-kottmann-k4bt,den-suoi-kottmann-k4bt-4-bong-am-tran,Đèn Sưởi Kottmann K4BT 4 Bóng Âm Trần,Kottmann,K4BT,Đèn,Đèn sưởi phòng tắm,1450000,2450000,1.450.000–2.450.000 VNĐ,sản phẩm,"Nhựa kỹ thuật, bóng hồng ngoại",Vàng kim,Vàng / trắng,Theo model,Âm trần,3 năm,Công nghệ Đức,Có sẵn tại showroom,Còn hàng,,https://luxbath.vn/upload_images/images/2019/12/27/Den-suoi-Kottmann-K4BT-4-bong-am-tran-1.webp,https://luxbath.vn/upload_images/images/2019/12/27/Den-suoi-Kottmann-K4BT-4-bong-am-tran-1.webp,Đèn sưởi Kottmann K4BT 4 bóng âm trần,TRUE,https://luxbath.vn/upload_images/images/2019/12/27/Den-suoi-Kottmann-K4BT-4-bong-am-tran-1.webp,Luxury,Luxury|Hotel|Modern,Phòng tắm master|Phòng tắm khách sạn|Không gian cần sưởi âm trần,5–8 m²,30–60 triệu,"Đèn sưởi Kottmann K4BT 4 bóng âm trần, thiết kế màu vàng kim, phù hợp phòng tắm cao cấp cần sưởi ấm, thông gió và chiếu sáng trong một thiết bị.","4 bóng hồng ngoại|Lắp âm trần|Thiết kế vàng kim|Tích hợp sưởi ấm, thông gió, chiếu sáng",Model: K4BT|Số bóng: 4|Vị trí: âm trần|Bảo hành: 3 năm|Giá tham khảo: 1.450.000–2.450.000 VNĐ,Nên lắp bởi kỹ thuật viên|Kiểm tra vị trí trần và hệ điện trước khi chọn,Đèn sưởi âm trần|Phụ kiện/hướng dẫn theo nhà bán,Luxbath Hà Nội,"116 Thanh Đàm, Hoàng Mai, Hà Nội",0989123788,Retailer tham khảo,LivLab,Luxbath Hà Nội,Quote-based commerce,Retailer tham khảo,https://luxbath.vn/den-suoi-kottmann-k4bt-4-bong-am-tran-p688.html,Giá tham khảo từ Luxbath tại thời điểm nghiên cứu,"Thông tin và hình ảnh tham khảo từ Luxbath; giá cuối cần được LivLab/showroom xác nhận theo tồn kho, thời điểm và phương án lắp đặt."
llv-light-chefman-cm613b,den-suoi-nha-tam-chefman-cm-613b-3-bong-treo-tuong,Đèn Sưởi Nhà Tắm Chefman CM-613B 3 Bóng Treo Tường,Chefman,CM-613B,Đèn,Đèn sưởi phòng tắm,699000,899000,699.000–899.000 VNĐ,sản phẩm,"Nhựa ABS, bóng sưởi hồng ngoại",Trắng / bạc,Trắng,535 x 265 x 290 mm,Treo tường,Theo chính sách nhà bán,Việt Nam; linh kiện nhập khẩu U.S.A theo nguồn,Có sẵn tại showroom,Còn hàng,,https://luxbath.vn/images/products/2026/02/05/resized/den-suoi-nha-tam-3-bong-treo-tuong-chefman-cm-613b_1770259256.jpg,https://luxbath.vn/images/products/2026/02/05/resized/den-suoi-nha-tam-3-bong-treo-tuong-chefman-cm-613b_1770259256.jpg|https://luxbath.vn/upload_images/images/2021/10/01/den-suoi-nha-tam-chefman-cm-613b.webp,Đèn sưởi nhà tắm Chefman CM-613B 3 bóng treo tường,TRUE,https://luxbath.vn/images/products/2026/02/05/resized/den-suoi-nha-tam-3-bong-treo-tuong-chefman-cm-613b_1770259256.jpg,Budget,Budget|Family-friendly|Modern,Phòng tắm nhỏ|Nhà phố|Gia đình cần sưởi treo tường,Khoảng 6 m²,Dưới 30 triệu,"Đèn sưởi Chefman CM-613B 3 bóng treo tường, phù hợp phòng tắm nhỏ đến vừa cần làm ấm nhanh trong mùa lạnh với chi phí dễ tiếp cận.",3 bóng sưởi|Treo tường|2 công tắc điều khiển|Phù hợp phòng tắm khoảng 6m²,"Model: CM-613B|Điện áp: 220V–50Hz|Kích thước: 535 x 265 x 290 mm|Trọng lượng: 2,8 kg|Công suất tối đa: 875W|Tuổi thọ bóng: khoảng 10.000 giờ",Không lắp ở vị trí nước bắn trực tiếp|Tắt nguồn khi vệ sinh,Đèn sưởi treo tường|Phụ kiện/hướng dẫn theo nhà bán,Luxbath Hà Nội,"116 Thanh Đàm, Hoàng Mai, Hà Nội",0989123788,Retailer tham khảo,LivLab,Luxbath Hà Nội,Quote-based commerce,Retailer tham khảo,https://luxbath.vn/den-suoi-nha-tam-chefman-cm-613b-p10039.html,Giá tham khảo từ Luxbath tại thời điểm nghiên cứu,"Thông tin và hình ảnh tham khảo từ Luxbath; giá cuối cần được LivLab/showroom xác nhận theo tồn kho, thời điểm và phương án lắp đặt."
llv-light-hans-h3b-listing,den-suoi-3-bong-treo-tuong-hans-h3b,Đèn Sưởi 3 Bóng Treo Tường Hans H3B,Hans,H3B,Đèn,Đèn sưởi phòng tắm,950000,1290000,950.000–1.290.000 VNĐ,sản phẩm,"Nhựa kỹ thuật, bóng hồng ngoại",Trắng,Trắng,Theo model,Treo tường,Theo chính sách nhà bán,Thương hiệu Hans,Cần xác nhận tồn kho,Đặt trước,Dòng tham khảo từ danh mục đèn sưởi Luxbath; cần xác nhận model/tồn kho trước khi báo giá,https://luxbath.vn/upload_images/images/2021/09/08/kich-thuoc-den-suoi-4-bong-am-tran-hans-h4b-.jpg,https://luxbath.vn/upload_images/images/2021/09/08/kich-thuoc-den-suoi-4-bong-am-tran-hans-h4b-.jpg,Ảnh minh họa đèn sưởi Hans cho phòng tắm,FALSE,https://luxbath.vn/upload_images/images/2021/09/08/kich-thuoc-den-suoi-4-bong-am-tran-hans-h4b-.jpg,Budget,Budget|Family-friendly,Phòng tắm nhỏ|Gia đình cần sưởi mùa lạnh,4–6 m²,Dưới 30 triệu,"Đèn sưởi Hans H3B là lựa chọn tham khảo trong nhóm đèn sưởi treo tường 3 bóng, phù hợp phòng tắm nhỏ hoặc vừa cần làm ấm nhanh.",3 bóng sưởi|Treo tường|Chi phí dễ tiếp cận|Phù hợp mùa lạnh,Model: H3B|Số bóng: 3|Kiểu lắp: treo tường|Giá tham khảo từ danh mục Luxbath,"Cần xác nhận model/ảnh chính xác khi nhập catalogue production|Lắp ở vị trí khô, tránh nước bắn trực tiếp",Đèn sưởi|Phụ kiện theo nhà bán,Luxbath Hà Nội,"116 Thanh Đàm, Hoàng Mai, Hà Nội",0989123788,Retailer tham khảo,LivLab,Luxbath Hà Nội,Quote-based commerce,Retailer tham khảo,https://luxbath.vn/den-suoi-1.html,Giá tham khảo từ Luxbath tại thời điểm nghiên cứu,"Thông tin và hình ảnh tham khảo từ Luxbath; giá cuối cần được LivLab/showroom xác nhận theo tồn kho, thời điểm và phương án lắp đặt."
