"id","slug","title","roomType","style","budgetRange","areaSize","estimatedBudgetMin","estimatedBudgetMax","shortDescription","description","image","imageAlt","imageVerified","imageSourceUrl","sourceUrl","productIds","hotspots","suitableFor","painPoints","keyBenefits","tags","sourceNote"
"llc-001","phong-tam-can-ho-nho-duoi-4m","Phòng tắm căn hộ nhỏ dưới 4m²","Phòng tắm","Compact","Dưới 30 triệu","3-4m²","12000000","28000000","Tối ưu không gian phòng tắm nhỏ với thiết bị gọn, sáng màu và dễ vệ sinh.","Tối ưu không gian phòng tắm nhỏ với thiết bị gọn, sáng màu và dễ vệ sinh. LivLab gợi ý các nhóm sản phẩm chính để người dùng có thể xem concept, chọn sản phẩm phù hợp và gửi yêu cầu báo giá theo nhu cầu thực tế.","https://images.unsplash.com/photo-1584622650111-993a426fbf0a?auto=format&fit=crop&fm=jpg&ixlib=rb-4.1.0&q=80&w=1800","Phòng tắm căn hộ nhỏ dưới 4m²","TRUE","https://images.unsplash.com/photo-1584622650111-993a426fbf0a?auto=format&fit=crop&fm=jpg&ixlib=rb-4.1.0&q=80&w=1800","https://unsplash.com/photos/modern-bathroom-with-shower-and-vanity-sAjlPnz0QL4","llv-lav-toto-lt300c|llv-fau-toto-tx109ld|llv-mir-cleanmax-t01|llv-toi-inax-ac602vn|llv-sho-inax-bfv615s8c|llv-acc-bancoot-lk528s|llv-tile-vid-d6606|llv-light-chefman-cm613b","[{""id"": ""hs-lav-toto-lt300c"", ""productId"": ""llv-lav-toto-lt300c"", ""label"": ""Lavabo"", ""x"": 48, ""y"": 58, ""category"": ""Lavabo""}, {""id"": ""hs-fau-toto-tx109ld"", ""productId"": ""llv-fau-toto-tx109ld"", ""label"": ""Vòi"", ""x"": 50, ""y"": 50, ""category"": ""Vòi lavabo""}, {""id"": ""hs-mir-cleanmax-t01"", ""productId"": ""llv-mir-cleanmax-t01"", ""label"": ""Gương"", ""x"": 50, ""y"": 31, ""category"": ""Gương""}, {""id"": ""hs-toi-inax-ac602vn"", ""productId"": ""llv-toi-inax-ac602vn"", ""label"": ""Bồn cầu"", ""x"": 76, ""y"": 65, ""category"": ""Bồn cầu""}, {""id"": ""hs-sho-inax-bfv615s8c"", ""productId"": ""llv-sho-inax-bfv615s8c"", ""label"": ""Sen tắm"", ""x"": 22, ""y"": 38, ""category"": ""Sen tắm""}, {""id"": ""hs-acc-bancoot-lk528s"", ""productId"": ""llv-acc-bancoot-lk528s"", ""label"": ""Phụ kiện"", ""x"": 82, ""y"": 47, ""category"": ""Phụ kiện""}, {""id"": ""hs-tile-vid-d6606"", ""productId"": ""llv-tile-vid-d6606"", ""label"": ""Gạch"", ""x"": 18, ""y"": 72, ""category"": ""Gạch ốp""}, {""id"": ""hs-light-chefman-cm613b"", ""productId"": ""llv-light-chefman-cm613b"", ""label"": ""Đèn"", ""x"": 57, ""y"": 18, ""category"": ""Đèn""}]","Căn hộ đô thị|Gia đình trẻ|Chủ nhà cải tạo|Showroom tư vấn nhanh","Khó hình dung sản phẩm khi xem riêng lẻ|Dễ chọn lệch phong cách hoặc vượt ngân sách|Mất thời gian hỏi giá từng món","Xem nhanh sản phẩm theo từng vị trí|Dễ kiểm soát ngân sách trước khi yêu cầu báo giá|Phối đồng bộ lavabo, vòi, gương và phụ kiện","Phòng tắm|Compact|Dưới 30 triệu|3-4m²","Ảnh concept lấy từ nguồn ảnh nội thất miễn phí/được phép dùng cho tham khảo thiết kế; sản phẩm trong concept được liên kết với catalogue LivLab để phục vụ luồng báo giá."
"llc-002","phong-tam-japandi-sang-mau","Phòng tắm Japandi sáng màu","Phòng tắm","Japandi","30-60 triệu","4-6m²","32000000","58000000","Tông gỗ ấm, gương tròn và thiết bị tối giản tạo cảm giác thư giãn như spa.","Tông gỗ ấm, gương tròn và thiết bị tối giản tạo cảm giác thư giãn như spa. LivLab gợi ý các nhóm sản phẩm chính để người dùng có thể xem concept, chọn sản phẩm phù hợp và gửi yêu cầu báo giá theo nhu cầu thực tế.","https://images.unsplash.com/photo-1661107259637-4e1c55462428?auto=format&fit=crop&fm=jpg&ixlib=rb-4.1.0&q=80&w=1800","Phòng tắm Japandi sáng màu","TRUE","https://images.unsplash.com/photo-1661107259637-4e1c55462428?auto=format&fit=crop&fm=jpg&ixlib=rb-4.1.0&q=80&w=1800","https://unsplash.com/s/photos/modern-bathroom","llv-lav-toto-lt1705-xw|llv-fau-premier-9005|llv-mir-gls-q21c85|llv-toi-toto-cs838dt8|llv-sho-inax-bfv615s3c|llv-acc-duraqua-s6609|llv-tile-hex-bathroom-anti-slip|llv-light-hans-h4b","[{""id"": ""hs-lav-toto-lt1705-xw"", ""productId"": ""llv-lav-toto-lt1705-xw"", ""label"": ""Lavabo"", ""x"": 48, ""y"": 58, ""category"": ""Lavabo""}, {""id"": ""hs-fau-premier-9005"", ""productId"": ""llv-fau-premier-9005"", ""label"": ""Vòi"", ""x"": 50, ""y"": 50, ""category"": ""Vòi lavabo""}, {""id"": ""hs-mir-gls-q21c85"", ""productId"": ""llv-mir-gls-q21c85"", ""label"": ""Gương"", ""x"": 50, ""y"": 31, ""category"": ""Gương""}, {""id"": ""hs-toi-toto-cs838dt8"", ""productId"": ""llv-toi-toto-cs838dt8"", ""label"": ""Bồn cầu"", ""x"": 76, ""y"": 65, ""category"": ""Bồn cầu""}, {""id"": ""hs-sho-inax-bfv615s3c"", ""productId"": ""llv-sho-inax-bfv615s3c"", ""label"": ""Sen tắm"", ""x"": 22, ""y"": 38, ""category"": ""Sen tắm""}, {""id"": ""hs-acc-duraqua-s6609"", ""productId"": ""llv-acc-duraqua-s6609"", ""label"": ""Phụ kiện"", ""x"": 82, ""y"": 47, ""category"": ""Phụ kiện""}, {""id"": ""hs-tile-hex-bathroom-anti-slip"", ""productId"": ""llv-tile-hex-bathroom-anti-slip"", ""label"": ""Gạch"", ""x"": 18, ""y"": 72, ""category"": ""Gạch ốp""}, {""id"": ""hs-light-hans-h4b"", ""productId"": ""llv-light-hans-h4b"", ""label"": ""Đèn"", ""x"": 57, ""y"": 18, ""category"": ""Đèn""}]","Căn hộ đô thị|Gia đình trẻ|Chủ nhà cải tạo|Showroom tư vấn nhanh","Khó hình dung sản phẩm khi xem riêng lẻ|Dễ chọn lệch phong cách hoặc vượt ngân sách|Mất thời gian hỏi giá từng món","Xem nhanh sản phẩm theo từng vị trí|Dễ kiểm soát ngân sách trước khi yêu cầu báo giá|Phối đồng bộ lavabo, vòi, gương và phụ kiện","Phòng tắm|Japandi|30-60 triệu|4-6m²","Ảnh concept lấy từ nguồn ảnh nội thất miễn phí/được phép dùng cho tham khảo thiết kế; sản phẩm trong concept được liên kết với catalogue LivLab để phục vụ luồng báo giá."
"llc-003","phong-tam-phong-cach-khach-san","Phòng tắm phong cách khách sạn","Phòng tắm","Hotel","Trên 60 triệu","6-10m²","65000000","110000000","Concept sang trọng với gương LED, sen cây và bề mặt đá trung tính.","Concept sang trọng với gương LED, sen cây và bề mặt đá trung tính. LivLab gợi ý các nhóm sản phẩm chính để người dùng có thể xem concept, chọn sản phẩm phù hợp và gửi yêu cầu báo giá theo nhu cầu thực tế.","https://images.unsplash.com/photo-1771239048293-72abf673adb2?auto=format&fit=crop&fm=jpg&ixlib=rb-4.1.0&q=80&w=1800","Phòng tắm phong cách khách sạn","TRUE","https://images.unsplash.com/photo-1771239048293-72abf673adb2?auto=format&fit=crop&fm=jpg&ixlib=rb-4.1.0&q=80&w=1800","https://unsplash.com/photos/modern-bathroom-with-glass-shower-and-vanity-sAjlPnz0QL4","llv-lav-toto-lt1735-xw|llv-fau-toto-tlg02301b-bfg|llv-mir-gls-q22c85|llv-toi-toto-cs948dt8|llv-sho-inax-bfv655t8c|llv-van-duravit-br4050r1021|llv-tile-vid-d6615|llv-light-kottmann-k4bt","[{""id"": ""hs-lav-toto-lt1735-xw"", ""productId"": ""llv-lav-toto-lt1735-xw"", ""label"": ""Lavabo"", ""x"": 48, ""y"": 58, ""category"": ""Lavabo""}, {""id"": ""hs-fau-toto-tlg02301b-bfg"", ""productId"": ""llv-fau-toto-tlg02301b-bfg"", ""label"": ""Vòi"", ""x"": 50, ""y"": 50, ""category"": ""Vòi lavabo""}, {""id"": ""hs-mir-gls-q22c85"", ""productId"": ""llv-mir-gls-q22c85"", ""label"": ""Gương"", ""x"": 50, ""y"": 31, ""category"": ""Gương""}, {""id"": ""hs-toi-toto-cs948dt8"", ""productId"": ""llv-toi-toto-cs948dt8"", ""label"": ""Bồn cầu"", ""x"": 76, ""y"": 65, ""category"": ""Bồn cầu""}, {""id"": ""hs-sho-inax-bfv655t8c"", ""productId"": ""llv-sho-inax-bfv655t8c"", ""label"": ""Sen tắm"", ""x"": 22, ""y"": 38, ""category"": ""Sen tắm""}, {""id"": ""hs-van-duravit-br4050r1021"", ""productId"": ""llv-van-duravit-br4050r1021"", ""label"": ""Tủ lavabo"", ""x"": 47, ""y"": 72, ""category"": ""Tủ lavabo""}, {""id"": ""hs-tile-vid-d6615"", ""productId"": ""llv-tile-vid-d6615"", ""label"": ""Gạch"", ""x"": 18, ""y"": 72, ""category"": ""Gạch ốp""}, {""id"": ""hs-light-kottmann-k4bt"", ""productId"": ""llv-light-kottmann-k4bt"", ""label"": ""Đèn"", ""x"": 57, ""y"": 18, ""category"": ""Đèn""}]","Căn hộ đô thị|Gia đình trẻ|Chủ nhà cải tạo|Showroom tư vấn nhanh","Khó hình dung sản phẩm khi xem riêng lẻ|Dễ chọn lệch phong cách hoặc vượt ngân sách|Mất thời gian hỏi giá từng món","Xem nhanh sản phẩm theo từng vị trí|Dễ kiểm soát ngân sách trước khi yêu cầu báo giá|Phối đồng bộ lavabo, vòi, gương và phụ kiện","Phòng tắm|Hotel|Trên 60 triệu|6-10m²","Ảnh concept lấy từ nguồn ảnh nội thất miễn phí/được phép dùng cho tham khảo thiết kế; sản phẩm trong concept được liên kết với catalogue LivLab để phục vụ luồng báo giá."
"llc-004","phong-tam-tiet-kiem-cho-nha-cho-thue","Phòng tắm tiết kiệm cho nhà cho thuê","Phòng tắm","Budget","Dưới 30 triệu","3-5m²","10000000","25000000","Ưu tiên thiết bị bền, dễ thay thế, chi phí hợp lý cho căn hộ/rental.","Ưu tiên thiết bị bền, dễ thay thế, chi phí hợp lý cho căn hộ/rental. LivLab gợi ý các nhóm sản phẩm chính để người dùng có thể xem concept, chọn sản phẩm phù hợp và gửi yêu cầu báo giá theo nhu cầu thực tế.","https://images.unsplash.com/photo-1584622650111-993a426fbf0a?auto=format&fit=crop&fm=jpg&ixlib=rb-4.1.0&q=80&w=1800","Phòng tắm tiết kiệm cho nhà cho thuê","TRUE","https://images.unsplash.com/photo-1584622650111-993a426fbf0a?auto=format&fit=crop&fm=jpg&ixlib=rb-4.1.0&q=80&w=1800","https://unsplash.com/photos/modern-bathroom-with-shower-and-vanity-sAjlPnz0QL4","llv-lav-toto-lw573jwf|llv-fau-toto-tlg02301b-pfg|llv-mir-karat-em0240250|llv-toi-toto-cs818dt2|llv-sho-inax-bfv915s|llv-acc-techbath-t1206-04|llv-tile-viglacera-gloss-living|llv-light-hans-h3b-listing","[{""id"": ""hs-lav-toto-lw573jwf"", ""productId"": ""llv-lav-toto-lw573jwf"", ""label"": ""Lavabo"", ""x"": 48, ""y"": 58, ""category"": ""Lavabo""}, {""id"": ""hs-fau-toto-tlg02301b-pfg"", ""productId"": ""llv-fau-toto-tlg02301b-pfg"", ""label"": ""Vòi"", ""x"": 50, ""y"": 50, ""category"": ""Vòi lavabo""}, {""id"": ""hs-mir-karat-em0240250"", ""productId"": ""llv-mir-karat-em0240250"", ""label"": ""Gương"", ""x"": 50, ""y"": 31, ""category"": ""Gương""}, {""id"": ""hs-toi-toto-cs818dt2"", ""productId"": ""llv-toi-toto-cs818dt2"", ""label"": ""Bồn cầu"", ""x"": 76, ""y"": 65, ""category"": ""Bồn cầu""}, {""id"": ""hs-sho-inax-bfv915s"", ""productId"": ""llv-sho-inax-bfv915s"", ""label"": ""Sen tắm"", ""x"": 22, ""y"": 38, ""category"": ""Sen tắm""}, {""id"": ""hs-acc-techbath-t1206-04"", ""productId"": ""llv-acc-techbath-t1206-04"", ""label"": ""Phụ kiện"", ""x"": 82, ""y"": 47, ""category"": ""Phụ kiện""}, {""id"": ""hs-tile-viglacera-gloss-living"", ""productId"": ""llv-tile-viglacera-gloss-living"", ""label"": ""Gạch"", ""x"": 18, ""y"": 72, ""category"": ""Gạch ốp""}, {""id"": ""hs-light-hans-h3b-listing"", ""productId"": ""llv-light-hans-h3b-listing"", ""label"": ""Đèn"", ""x"": 57, ""y"": 18, ""category"": ""Đèn""}]","Căn hộ đô thị|Gia đình trẻ|Chủ nhà cải tạo|Showroom tư vấn nhanh","Khó hình dung sản phẩm khi xem riêng lẻ|Dễ chọn lệch phong cách hoặc vượt ngân sách|Mất thời gian hỏi giá từng món","Xem nhanh sản phẩm theo từng vị trí|Dễ kiểm soát ngân sách trước khi yêu cầu báo giá|Phối đồng bộ lavabo, vòi, gương và phụ kiện","Phòng tắm|Budget|Dưới 30 triệu|3-5m²","Ảnh concept lấy từ nguồn ảnh nội thất miễn phí/được phép dùng cho tham khảo thiết kế; sản phẩm trong concept được liên kết với catalogue LivLab để phục vụ luồng báo giá."
"llc-005","phong-tam-master-cao-cap","Phòng tắm master cao cấp","Phòng tắm","Luxury","Trên 60 triệu","8-12m²","75000000","140000000","Không gian master nhấn vào vật liệu cao cấp, gương lớn và điểm nhấn ánh kim.","Không gian master nhấn vào vật liệu cao cấp, gương lớn và điểm nhấn ánh kim. LivLab gợi ý các nhóm sản phẩm chính để người dùng có thể xem concept, chọn sản phẩm phù hợp và gửi yêu cầu báo giá theo nhu cầu thực tế.","https://images.unsplash.com/photo-1576698483491-8c43f0862543?auto=format&fit=crop&fm=jpg&ixlib=rb-4.1.0&q=80&w=1800","Phòng tắm master cao cấp","TRUE","https://images.unsplash.com/photo-1576698483491-8c43f0862543?auto=format&fit=crop&fm=jpg&ixlib=rb-4.1.0&q=80&w=1800","https://unsplash.com/s/photos/modern-bathroom","llv-lav-toto-lw1233b|llv-fau-toto-tx109ld|llv-mir-dinhquoc-dq67016|llv-toi-inax-ac602vn2|llv-sho-inax-bfv615s8c|llv-acc-cotto-ct0062hm|llv-tile-vid-d6606|llv-acc-miken-mg3001","[{""id"": ""hs-lav-toto-lw1233b"", ""productId"": ""llv-lav-toto-lw1233b"", ""label"": ""Lavabo"", ""x"": 48, ""y"": 58, ""category"": ""Lavabo""}, {""id"": ""hs-fau-toto-tx109ld"", ""productId"": ""llv-fau-toto-tx109ld"", ""label"": ""Vòi"", ""x"": 50, ""y"": 50, ""category"": ""Vòi lavabo""}, {""id"": ""hs-mir-dinhquoc-dq67016"", ""productId"": ""llv-mir-dinhquoc-dq67016"", ""label"": ""Gương"", ""x"": 50, ""y"": 31, ""category"": ""Gương""}, {""id"": ""hs-toi-inax-ac602vn2"", ""productId"": ""llv-toi-inax-ac602vn2"", ""label"": ""Bồn cầu"", ""x"": 76, ""y"": 65, ""category"": ""Bồn cầu""}, {""id"": ""hs-sho-inax-bfv615s8c"", ""productId"": ""llv-sho-inax-bfv615s8c"", ""label"": ""Sen tắm"", ""x"": 22, ""y"": 38, ""category"": ""Sen tắm""}, {""id"": ""hs-acc-cotto-ct0062hm"", ""productId"": ""llv-acc-cotto-ct0062hm"", ""label"": ""Phụ kiện"", ""x"": 82, ""y"": 47, ""category"": ""Phụ kiện""}, {""id"": ""hs-tile-vid-d6606"", ""productId"": ""llv-tile-vid-d6606"", ""label"": ""Gạch"", ""x"": 18, ""y"": 72, ""category"": ""Gạch ốp""}, {""id"": ""hs-acc-miken-mg3001"", ""productId"": ""llv-acc-miken-mg3001"", ""label"": ""Phụ kiện"", ""x"": 88, ""y"": 51, ""category"": ""Phụ kiện""}]","Căn hộ đô thị|Gia đình trẻ|Chủ nhà cải tạo|Showroom tư vấn nhanh","Khó hình dung sản phẩm khi xem riêng lẻ|Dễ chọn lệch phong cách hoặc vượt ngân sách|Mất thời gian hỏi giá từng món","Xem nhanh sản phẩm theo từng vị trí|Dễ kiểm soát ngân sách trước khi yêu cầu báo giá|Phối đồng bộ lavabo, vòi, gương và phụ kiện","Phòng tắm|Luxury|Trên 60 triệu|8-12m²","Ảnh concept lấy từ nguồn ảnh nội thất miễn phí/được phép dùng cho tham khảo thiết kế; sản phẩm trong concept được liên kết với catalogue LivLab để phục vụ luồng báo giá."
"llc-006","phong-tam-toi-gian-trang-sang","Phòng tắm tối giản trắng sáng","Phòng tắm","Minimal","30-60 triệu","4-7m²","30000000","52000000","Thiết kế trắng sáng, ít chi tiết, phù hợp căn hộ hiện đại.","Thiết kế trắng sáng, ít chi tiết, phù hợp căn hộ hiện đại. LivLab gợi ý các nhóm sản phẩm chính để người dùng có thể xem concept, chọn sản phẩm phù hợp và gửi yêu cầu báo giá theo nhu cầu thực tế.","https://images.unsplash.com/photo-1629079447777-1e605162dc8d?auto=format&fit=crop&fm=jpg&ixlib=rb-4.1.0&q=80&w=1800","Phòng tắm tối giản trắng sáng","TRUE","https://images.unsplash.com/photo-1629079447777-1e605162dc8d?auto=format&fit=crop&fm=jpg&ixlib=rb-4.1.0&q=80&w=1800","https://unsplash.com/s/photos/modern-bathroom","llv-lav-toto-lt300c|llv-fau-toto-tx109ld|llv-mir-cleanmax-t01|llv-toi-inax-ac602vn|llv-sho-inax-bfv615s8c|llv-acc-bancoot-lk528s|llv-tile-vid-d6606|llv-light-chefman-cm613b","[{""id"": ""hs-lav-toto-lt300c"", ""productId"": ""llv-lav-toto-lt300c"", ""label"": ""Lavabo"", ""x"": 48, ""y"": 58, ""category"": ""Lavabo""}, {""id"": ""hs-fau-toto-tx109ld"", ""productId"": ""llv-fau-toto-tx109ld"", ""label"": ""Vòi"", ""x"": 50, ""y"": 50, ""category"": ""Vòi lavabo""}, {""id"": ""hs-mir-cleanmax-t01"", ""productId"": ""llv-mir-cleanmax-t01"", ""label"": ""Gương"", ""x"": 50, ""y"": 31, ""category"": ""Gương""}, {""id"": ""hs-toi-inax-ac602vn"", ""productId"": ""llv-toi-inax-ac602vn"", ""label"": ""Bồn cầu"", ""x"": 76, ""y"": 65, ""category"": ""Bồn cầu""}, {""id"": ""hs-sho-inax-bfv615s8c"", ""productId"": ""llv-sho-inax-bfv615s8c"", ""label"": ""Sen tắm"", ""x"": 22, ""y"": 38, ""category"": ""Sen tắm""}, {""id"": ""hs-acc-bancoot-lk528s"", ""productId"": ""llv-acc-bancoot-lk528s"", ""label"": ""Phụ kiện"", ""x"": 82, ""y"": 47, ""category"": ""Phụ kiện""}, {""id"": ""hs-tile-vid-d6606"", ""productId"": ""llv-tile-vid-d6606"", ""label"": ""Gạch"", ""x"": 18, ""y"": 72, ""category"": ""Gạch ốp""}, {""id"": ""hs-light-chefman-cm613b"", ""productId"": ""llv-light-chefman-cm613b"", ""label"": ""Đèn"", ""x"": 57, ""y"": 18, ""category"": ""Đèn""}]","Căn hộ đô thị|Gia đình trẻ|Chủ nhà cải tạo|Showroom tư vấn nhanh","Khó hình dung sản phẩm khi xem riêng lẻ|Dễ chọn lệch phong cách hoặc vượt ngân sách|Mất thời gian hỏi giá từng món","Xem nhanh sản phẩm theo từng vị trí|Dễ kiểm soát ngân sách trước khi yêu cầu báo giá|Phối đồng bộ lavabo, vòi, gương và phụ kiện","Phòng tắm|Minimal|30-60 triệu|4-7m²","Ảnh concept lấy từ nguồn ảnh nội thất miễn phí/được phép dùng cho tham khảo thiết kế; sản phẩm trong concept được liên kết với catalogue LivLab để phục vụ luồng báo giá."
"llc-007","phong-tam-warm-neutral","Phòng tắm Warm Neutral","Phòng tắm","Warm Neutral","30-60 triệu","4-7m²","35000000","62000000","Bảng màu beige/gỗ/xám ấm giúp không gian mềm và dễ phối.","Bảng màu beige/gỗ/xám ấm giúp không gian mềm và dễ phối. LivLab gợi ý các nhóm sản phẩm chính để người dùng có thể xem concept, chọn sản phẩm phù hợp và gửi yêu cầu báo giá theo nhu cầu thực tế.","https://images.unsplash.com/photo-1661107259637-4e1c55462428?auto=format&fit=crop&fm=jpg&ixlib=rb-4.1.0&q=80&w=1800","Phòng tắm Warm Neutral","TRUE","https://images.unsplash.com/photo-1661107259637-4e1c55462428?auto=format&fit=crop&fm=jpg&ixlib=rb-4.1.0&q=80&w=1800","https://unsplash.com/s/photos/modern-bathroom","llv-lav-toto-lt1705-xw|llv-fau-premier-9005|llv-mir-gls-q21c85|llv-toi-toto-cs838dt8|llv-sho-inax-bfv615s3c|llv-acc-duraqua-s6609|llv-tile-hex-bathroom-anti-slip|llv-light-hans-h4b","[{""id"": ""hs-lav-toto-lt1705-xw"", ""productId"": ""llv-lav-toto-lt1705-xw"", ""label"": ""Lavabo"", ""x"": 48, ""y"": 58, ""category"": ""Lavabo""}, {""id"": ""hs-fau-premier-9005"", ""productId"": ""llv-fau-premier-9005"", ""label"": ""Vòi"", ""x"": 50, ""y"": 50, ""category"": ""Vòi lavabo""}, {""id"": ""hs-mir-gls-q21c85"", ""productId"": ""llv-mir-gls-q21c85"", ""label"": ""Gương"", ""x"": 50, ""y"": 31, ""category"": ""Gương""}, {""id"": ""hs-toi-toto-cs838dt8"", ""productId"": ""llv-toi-toto-cs838dt8"", ""label"": ""Bồn cầu"", ""x"": 76, ""y"": 65, ""category"": ""Bồn cầu""}, {""id"": ""hs-sho-inax-bfv615s3c"", ""productId"": ""llv-sho-inax-bfv615s3c"", ""label"": ""Sen tắm"", ""x"": 22, ""y"": 38, ""category"": ""Sen tắm""}, {""id"": ""hs-acc-duraqua-s6609"", ""productId"": ""llv-acc-duraqua-s6609"", ""label"": ""Phụ kiện"", ""x"": 82, ""y"": 47, ""category"": ""Phụ kiện""}, {""id"": ""hs-tile-hex-bathroom-anti-slip"", ""productId"": ""llv-tile-hex-bathroom-anti-slip"", ""label"": ""Gạch"", ""x"": 18, ""y"": 72, ""category"": ""Gạch ốp""}, {""id"": ""hs-light-hans-h4b"", ""productId"": ""llv-light-hans-h4b"", ""label"": ""Đèn"", ""x"": 57, ""y"": 18, ""category"": ""Đèn""}]","Căn hộ đô thị|Gia đình trẻ|Chủ nhà cải tạo|Showroom tư vấn nhanh","Khó hình dung sản phẩm khi xem riêng lẻ|Dễ chọn lệch phong cách hoặc vượt ngân sách|Mất thời gian hỏi giá từng món","Xem nhanh sản phẩm theo từng vị trí|Dễ kiểm soát ngân sách trước khi yêu cầu báo giá|Phối đồng bộ lavabo, vòi, gương và phụ kiện","Phòng tắm|Warm Neutral|30-60 triệu|4-7m²","Ảnh concept lấy từ nguồn ảnh nội thất miễn phí/được phép dùng cho tham khảo thiết kế; sản phẩm trong concept được liên kết với catalogue LivLab để phục vụ luồng báo giá."
"llc-008","phong-tam-den-trang-hien-dai","Phòng tắm đen trắng hiện đại","Phòng tắm","Modern","30-60 triệu","4-6m²","28000000","58000000","Tương phản đen trắng với vòi/gương/chi tiết nhấn hiện đại.","Tương phản đen trắng với vòi/gương/chi tiết nhấn hiện đại. LivLab gợi ý các nhóm sản phẩm chính để người dùng có thể xem concept, chọn sản phẩm phù hợp và gửi yêu cầu báo giá theo nhu cầu thực tế.","https://images.unsplash.com/photo-1584622650111-993a426fbf0a?auto=format&fit=crop&fm=jpg&ixlib=rb-4.1.0&q=80&w=1800","Phòng tắm đen trắng hiện đại","TRUE","https://images.unsplash.com/photo-1584622650111-993a426fbf0a?auto=format&fit=crop&fm=jpg&ixlib=rb-4.1.0&q=80&w=1800","https://unsplash.com/photos/modern-bathroom-with-shower-and-vanity-sAjlPnz0QL4","llv-lav-toto-lt1735-xw|llv-fau-toto-tlg02301b-bfg|llv-mir-gls-q22c85|llv-toi-toto-cs948dt8|llv-sho-inax-bfv655t8c|llv-van-duravit-br4050r1021|llv-tile-vid-d6615|llv-light-kottmann-k4bt","[{""id"": ""hs-lav-toto-lt1735-xw"", ""productId"": ""llv-lav-toto-lt1735-xw"", ""label"": ""Lavabo"", ""x"": 48, ""y"": 58, ""category"": ""Lavabo""}, {""id"": ""hs-fau-toto-tlg02301b-bfg"", ""productId"": ""llv-fau-toto-tlg02301b-bfg"", ""label"": ""Vòi"", ""x"": 50, ""y"": 50, ""category"": ""Vòi lavabo""}, {""id"": ""hs-mir-gls-q22c85"", ""productId"": ""llv-mir-gls-q22c85"", ""label"": ""Gương"", ""x"": 50, ""y"": 31, ""category"": ""Gương""}, {""id"": ""hs-toi-toto-cs948dt8"", ""productId"": ""llv-toi-toto-cs948dt8"", ""label"": ""Bồn cầu"", ""x"": 76, ""y"": 65, ""category"": ""Bồn cầu""}, {""id"": ""hs-sho-inax-bfv655t8c"", ""productId"": ""llv-sho-inax-bfv655t8c"", ""label"": ""Sen tắm"", ""x"": 22, ""y"": 38, ""category"": ""Sen tắm""}, {""id"": ""hs-van-duravit-br4050r1021"", ""productId"": ""llv-van-duravit-br4050r1021"", ""label"": ""Tủ lavabo"", ""x"": 47, ""y"": 72, ""category"": ""Tủ lavabo""}, {""id"": ""hs-tile-vid-d6615"", ""productId"": ""llv-tile-vid-d6615"", ""label"": ""Gạch"", ""x"": 18, ""y"": 72, ""category"": ""Gạch ốp""}, {""id"": ""hs-light-kottmann-k4bt"", ""productId"": ""llv-light-kottmann-k4bt"", ""label"": ""Đèn"", ""x"": 57, ""y"": 18, ""category"": ""Đèn""}]","Căn hộ đô thị|Gia đình trẻ|Chủ nhà cải tạo|Showroom tư vấn nhanh","Khó hình dung sản phẩm khi xem riêng lẻ|Dễ chọn lệch phong cách hoặc vượt ngân sách|Mất thời gian hỏi giá từng món","Xem nhanh sản phẩm theo từng vị trí|Dễ kiểm soát ngân sách trước khi yêu cầu báo giá|Phối đồng bộ lavabo, vòi, gương và phụ kiện","Phòng tắm|Modern|30-60 triệu|4-6m²","Ảnh concept lấy từ nguồn ảnh nội thất miễn phí/được phép dùng cho tham khảo thiết kế; sản phẩm trong concept được liên kết với catalogue LivLab để phục vụ luồng báo giá."
"llc-009","phong-tam-de-ve-sinh-cho-gia-dinh-ban-ron","Phòng tắm dễ vệ sinh cho gia đình bận rộn","Phòng tắm","Modern","30-60 triệu","4-6m²","30000000","56000000","Ưu tiên bề mặt dễ lau chùi, phụ kiện gọn, thiết bị bền.","Ưu tiên bề mặt dễ lau chùi, phụ kiện gọn, thiết bị bền. LivLab gợi ý các nhóm sản phẩm chính để người dùng có thể xem concept, chọn sản phẩm phù hợp và gửi yêu cầu báo giá theo nhu cầu thực tế.","https://images.unsplash.com/photo-1643949719317-4342d8d4031e?auto=format&fit=crop&fm=jpg&ixlib=rb-4.1.0&q=80&w=1800","Phòng tắm dễ vệ sinh cho gia đình bận rộn","TRUE","https://images.unsplash.com/photo-1643949719317-4342d8d4031e?auto=format&fit=crop&fm=jpg&ixlib=rb-4.1.0&q=80&w=1800","https://unsplash.com/s/photos/modern-bathroom","llv-lav-toto-lw573jwf|llv-fau-toto-tlg02301b-pfg|llv-mir-karat-em0240250|llv-toi-toto-cs818dt2|llv-sho-inax-bfv915s|llv-acc-techbath-t1206-04|llv-tile-viglacera-gloss-living|llv-light-hans-h3b-listing","[{""id"": ""hs-lav-toto-lw573jwf"", ""productId"": ""llv-lav-toto-lw573jwf"", ""label"": ""Lavabo"", ""x"": 48, ""y"": 58, ""category"": ""Lavabo""}, {""id"": ""hs-fau-toto-tlg02301b-pfg"", ""productId"": ""llv-fau-toto-tlg02301b-pfg"", ""label"": ""Vòi"", ""x"": 50, ""y"": 50, ""category"": ""Vòi lavabo""}, {""id"": ""hs-mir-karat-em0240250"", ""productId"": ""llv-mir-karat-em0240250"", ""label"": ""Gương"", ""x"": 50, ""y"": 31, ""category"": ""Gương""}, {""id"": ""hs-toi-toto-cs818dt2"", ""productId"": ""llv-toi-toto-cs818dt2"", ""label"": ""Bồn cầu"", ""x"": 76, ""y"": 65, ""category"": ""Bồn cầu""}, {""id"": ""hs-sho-inax-bfv915s"", ""productId"": ""llv-sho-inax-bfv915s"", ""label"": ""Sen tắm"", ""x"": 22, ""y"": 38, ""category"": ""Sen tắm""}, {""id"": ""hs-acc-techbath-t1206-04"", ""productId"": ""llv-acc-techbath-t1206-04"", ""label"": ""Phụ kiện"", ""x"": 82, ""y"": 47, ""category"": ""Phụ kiện""}, {""id"": ""hs-tile-viglacera-gloss-living"", ""productId"": ""llv-tile-viglacera-gloss-living"", ""label"": ""Gạch"", ""x"": 18, ""y"": 72, ""category"": ""Gạch ốp""}, {""id"": ""hs-light-hans-h3b-listing"", ""productId"": ""llv-light-hans-h3b-listing"", ""label"": ""Đèn"", ""x"": 57, ""y"": 18, ""category"": ""Đèn""}]","Căn hộ đô thị|Gia đình trẻ|Chủ nhà cải tạo|Showroom tư vấn nhanh","Khó hình dung sản phẩm khi xem riêng lẻ|Dễ chọn lệch phong cách hoặc vượt ngân sách|Mất thời gian hỏi giá từng món","Xem nhanh sản phẩm theo từng vị trí|Dễ kiểm soát ngân sách trước khi yêu cầu báo giá|Phối đồng bộ lavabo, vòi, gương và phụ kiện","Phòng tắm|Modern|30-60 triệu|4-6m²","Ảnh concept lấy từ nguồn ảnh nội thất miễn phí/được phép dùng cho tham khảo thiết kế; sản phẩm trong concept được liên kết với catalogue LivLab để phục vụ luồng báo giá."
"llc-010","phong-tam-cho-homestay-boutique","Phòng tắm cho homestay boutique","Phòng tắm","Boutique","30-60 triệu","4-8m²","38000000","68000000","Có điểm nhấn hình ảnh đẹp, phù hợp chụp ảnh và trải nghiệm lưu trú.","Có điểm nhấn hình ảnh đẹp, phù hợp chụp ảnh và trải nghiệm lưu trú. LivLab gợi ý các nhóm sản phẩm chính để người dùng có thể xem concept, chọn sản phẩm phù hợp và gửi yêu cầu báo giá theo nhu cầu thực tế.","https://images.unsplash.com/photo-1576698483491-8c43f0862543?auto=format&fit=crop&fm=jpg&ixlib=rb-4.1.0&q=80&w=1800","Phòng tắm cho homestay boutique","TRUE","https://images.unsplash.com/photo-1576698483491-8c43f0862543?auto=format&fit=crop&fm=jpg&ixlib=rb-4.1.0&q=80&w=1800","https://unsplash.com/s/photos/modern-bathroom","llv-lav-toto-lw1233b|llv-fau-toto-tx109ld|llv-mir-dinhquoc-dq67016|llv-toi-inax-ac602vn2|llv-sho-inax-bfv615s8c|llv-acc-cotto-ct0062hm|llv-tile-vid-d6606|llv-acc-miken-mg3001","[{""id"": ""hs-lav-toto-lw1233b"", ""productId"": ""llv-lav-toto-lw1233b"", ""label"": ""Lavabo"", ""x"": 48, ""y"": 58, ""category"": ""Lavabo""}, {""id"": ""hs-fau-toto-tx109ld"", ""productId"": ""llv-fau-toto-tx109ld"", ""label"": ""Vòi"", ""x"": 50, ""y"": 50, ""category"": ""Vòi lavabo""}, {""id"": ""hs-mir-dinhquoc-dq67016"", ""productId"": ""llv-mir-dinhquoc-dq67016"", ""label"": ""Gương"", ""x"": 50, ""y"": 31, ""category"": ""Gương""}, {""id"": ""hs-toi-inax-ac602vn2"", ""productId"": ""llv-toi-inax-ac602vn2"", ""label"": ""Bồn cầu"", ""x"": 76, ""y"": 65, ""category"": ""Bồn cầu""}, {""id"": ""hs-sho-inax-bfv615s8c"", ""productId"": ""llv-sho-inax-bfv615s8c"", ""label"": ""Sen tắm"", ""x"": 22, ""y"": 38, ""category"": ""Sen tắm""}, {""id"": ""hs-acc-cotto-ct0062hm"", ""productId"": ""llv-acc-cotto-ct0062hm"", ""label"": ""Phụ kiện"", ""x"": 82, ""y"": 47, ""category"": ""Phụ kiện""}, {""id"": ""hs-tile-vid-d6606"", ""productId"": ""llv-tile-vid-d6606"", ""label"": ""Gạch"", ""x"": 18, ""y"": 72, ""category"": ""Gạch ốp""}, {""id"": ""hs-acc-miken-mg3001"", ""productId"": ""llv-acc-miken-mg3001"", ""label"": ""Phụ kiện"", ""x"": 88, ""y"": 51, ""category"": ""Phụ kiện""}]","Căn hộ đô thị|Gia đình trẻ|Chủ nhà cải tạo|Showroom tư vấn nhanh","Khó hình dung sản phẩm khi xem riêng lẻ|Dễ chọn lệch phong cách hoặc vượt ngân sách|Mất thời gian hỏi giá từng món","Xem nhanh sản phẩm theo từng vị trí|Dễ kiểm soát ngân sách trước khi yêu cầu báo giá|Phối đồng bộ lavabo, vòi, gương và phụ kiện","Phòng tắm|Boutique|30-60 triệu|4-8m²","Ảnh concept lấy từ nguồn ảnh nội thất miễn phí/được phép dùng cho tham khảo thiết kế; sản phẩm trong concept được liên kết với catalogue LivLab để phục vụ luồng báo giá."
"llc-011","phong-tam-compact-co-tu-lavabo","Phòng tắm compact có tủ lavabo","Phòng tắm","Compact","30-60 triệu","3-5m²","30000000","56000000","Tăng lưu trữ bằng tủ lavabo, kệ gương và phụ kiện treo tường.","Tăng lưu trữ bằng tủ lavabo, kệ gương và phụ kiện treo tường. LivLab gợi ý các nhóm sản phẩm chính để người dùng có thể xem concept, chọn sản phẩm phù hợp và gửi yêu cầu báo giá theo nhu cầu thực tế.","https://images.unsplash.com/photo-1661107259637-4e1c55462428?auto=format&fit=crop&fm=jpg&ixlib=rb-4.1.0&q=80&w=1800","Phòng tắm compact có tủ lavabo","TRUE","https://images.unsplash.com/photo-1661107259637-4e1c55462428?auto=format&fit=crop&fm=jpg&ixlib=rb-4.1.0&q=80&w=1800","https://unsplash.com/s/photos/modern-bathroom","llv-lav-toto-lt300c|llv-fau-toto-tx109ld|llv-mir-cleanmax-t01|llv-toi-inax-ac602vn|llv-sho-inax-bfv615s8c|llv-acc-bancoot-lk528s|llv-tile-vid-d6606|llv-light-chefman-cm613b","[{""id"": ""hs-lav-toto-lt300c"", ""productId"": ""llv-lav-toto-lt300c"", ""label"": ""Lavabo"", ""x"": 48, ""y"": 58, ""category"": ""Lavabo""}, {""id"": ""hs-fau-toto-tx109ld"", ""productId"": ""llv-fau-toto-tx109ld"", ""label"": ""Vòi"", ""x"": 50, ""y"": 50, ""category"": ""Vòi lavabo""}, {""id"": ""hs-mir-cleanmax-t01"", ""productId"": ""llv-mir-cleanmax-t01"", ""label"": ""Gương"", ""x"": 50, ""y"": 31, ""category"": ""Gương""}, {""id"": ""hs-toi-inax-ac602vn"", ""productId"": ""llv-toi-inax-ac602vn"", ""label"": ""Bồn cầu"", ""x"": 76, ""y"": 65, ""category"": ""Bồn cầu""}, {""id"": ""hs-sho-inax-bfv615s8c"", ""productId"": ""llv-sho-inax-bfv615s8c"", ""label"": ""Sen tắm"", ""x"": 22, ""y"": 38, ""category"": ""Sen tắm""}, {""id"": ""hs-acc-bancoot-lk528s"", ""productId"": ""llv-acc-bancoot-lk528s"", ""label"": ""Phụ kiện"", ""x"": 82, ""y"": 47, ""category"": ""Phụ kiện""}, {""id"": ""hs-tile-vid-d6606"", ""productId"": ""llv-tile-vid-d6606"", ""label"": ""Gạch"", ""x"": 18, ""y"": 72, ""category"": ""Gạch ốp""}, {""id"": ""hs-light-chefman-cm613b"", ""productId"": ""llv-light-chefman-cm613b"", ""label"": ""Đèn"", ""x"": 57, ""y"": 18, ""category"": ""Đèn""}]","Căn hộ đô thị|Gia đình trẻ|Chủ nhà cải tạo|Showroom tư vấn nhanh","Khó hình dung sản phẩm khi xem riêng lẻ|Dễ chọn lệch phong cách hoặc vượt ngân sách|Mất thời gian hỏi giá từng món","Xem nhanh sản phẩm theo từng vị trí|Dễ kiểm soát ngân sách trước khi yêu cầu báo giá|Phối đồng bộ lavabo, vòi, gương và phụ kiện","Phòng tắm|Compact|30-60 triệu|3-5m²","Ảnh concept lấy từ nguồn ảnh nội thất miễn phí/được phép dùng cho tham khảo thiết kế; sản phẩm trong concept được liên kết với catalogue LivLab để phục vụ luồng báo giá."
"llc-012","phong-tam-cho-nha-pho-hep","Phòng tắm cho nhà phố hẹp","Phòng tắm","Modern","Dưới 30 triệu","3-5m²","18000000","30000000","Bố trí theo trục hẹp, ưu tiên thiết bị treo/tủ gọn và chống ẩm.","Bố trí theo trục hẹp, ưu tiên thiết bị treo/tủ gọn và chống ẩm. LivLab gợi ý các nhóm sản phẩm chính để người dùng có thể xem concept, chọn sản phẩm phù hợp và gửi yêu cầu báo giá theo nhu cầu thực tế.","https://images.unsplash.com/photo-1643949719317-4342d8d4031e?auto=format&fit=crop&fm=jpg&ixlib=rb-4.1.0&q=80&w=1800","Phòng tắm cho nhà phố hẹp","TRUE","https://images.unsplash.com/photo-1643949719317-4342d8d4031e?auto=format&fit=crop&fm=jpg&ixlib=rb-4.1.0&q=80&w=1800","https://unsplash.com/s/photos/modern-bathroom","llv-lav-toto-lt1705-xw|llv-fau-premier-9005|llv-mir-gls-q21c85|llv-toi-toto-cs838dt8|llv-sho-inax-bfv615s3c|llv-acc-duraqua-s6609|llv-tile-hex-bathroom-anti-slip|llv-light-hans-h4b","[{""id"": ""hs-lav-toto-lt1705-xw"", ""productId"": ""llv-lav-toto-lt1705-xw"", ""label"": ""Lavabo"", ""x"": 48, ""y"": 58, ""category"": ""Lavabo""}, {""id"": ""hs-fau-premier-9005"", ""productId"": ""llv-fau-premier-9005"", ""label"": ""Vòi"", ""x"": 50, ""y"": 50, ""category"": ""Vòi lavabo""}, {""id"": ""hs-mir-gls-q21c85"", ""productId"": ""llv-mir-gls-q21c85"", ""label"": ""Gương"", ""x"": 50, ""y"": 31, ""category"": ""Gương""}, {""id"": ""hs-toi-toto-cs838dt8"", ""productId"": ""llv-toi-toto-cs838dt8"", ""label"": ""Bồn cầu"", ""x"": 76, ""y"": 65, ""category"": ""Bồn cầu""}, {""id"": ""hs-sho-inax-bfv615s3c"", ""productId"": ""llv-sho-inax-bfv615s3c"", ""label"": ""Sen tắm"", ""x"": 22, ""y"": 38, ""category"": ""Sen tắm""}, {""id"": ""hs-acc-duraqua-s6609"", ""productId"": ""llv-acc-duraqua-s6609"", ""label"": ""Phụ kiện"", ""x"": 82, ""y"": 47, ""category"": ""Phụ kiện""}, {""id"": ""hs-tile-hex-bathroom-anti-slip"", ""productId"": ""llv-tile-hex-bathroom-anti-slip"", ""label"": ""Gạch"", ""x"": 18, ""y"": 72, ""category"": ""Gạch ốp""}, {""id"": ""hs-light-hans-h4b"", ""productId"": ""llv-light-hans-h4b"", ""label"": ""Đèn"", ""x"": 57, ""y"": 18, ""category"": ""Đèn""}]","Căn hộ đô thị|Gia đình trẻ|Chủ nhà cải tạo|Showroom tư vấn nhanh","Khó hình dung sản phẩm khi xem riêng lẻ|Dễ chọn lệch phong cách hoặc vượt ngân sách|Mất thời gian hỏi giá từng món","Xem nhanh sản phẩm theo từng vị trí|Dễ kiểm soát ngân sách trước khi yêu cầu báo giá|Phối đồng bộ lavabo, vòi, gương và phụ kiện","Phòng tắm|Modern|Dưới 30 triệu|3-5m²","Ảnh concept lấy từ nguồn ảnh nội thất miễn phí/được phép dùng cho tham khảo thiết kế; sản phẩm trong concept được liên kết với catalogue LivLab để phục vụ luồng báo giá."
"llc-013","phong-tam-sang-mau-cho-can-ho-cu","Phòng tắm sáng màu cho căn hộ cũ","Phòng tắm","Minimal","Dưới 30 triệu","3-6m²","18000000","32000000","Làm mới căn hộ cũ bằng màu sáng, gương lớn và thiết bị cơ bản.","Làm mới căn hộ cũ bằng màu sáng, gương lớn và thiết bị cơ bản. LivLab gợi ý các nhóm sản phẩm chính để người dùng có thể xem concept, chọn sản phẩm phù hợp và gửi yêu cầu báo giá theo nhu cầu thực tế.","https://images.unsplash.com/photo-1629079447777-1e605162dc8d?auto=format&fit=crop&fm=jpg&ixlib=rb-4.1.0&q=80&w=1800","Phòng tắm sáng màu cho căn hộ cũ","TRUE","https://images.unsplash.com/photo-1629079447777-1e605162dc8d?auto=format&fit=crop&fm=jpg&ixlib=rb-4.1.0&q=80&w=1800","https://unsplash.com/s/photos/modern-bathroom","llv-lav-toto-lt1735-xw|llv-fau-toto-tlg02301b-bfg|llv-mir-gls-q22c85|llv-toi-toto-cs948dt8|llv-sho-inax-bfv655t8c|llv-van-duravit-br4050r1021|llv-tile-vid-d6615|llv-light-kottmann-k4bt","[{""id"": ""hs-lav-toto-lt1735-xw"", ""productId"": ""llv-lav-toto-lt1735-xw"", ""label"": ""Lavabo"", ""x"": 48, ""y"": 58, ""category"": ""Lavabo""}, {""id"": ""hs-fau-toto-tlg02301b-bfg"", ""productId"": ""llv-fau-toto-tlg02301b-bfg"", ""label"": ""Vòi"", ""x"": 50, ""y"": 50, ""category"": ""Vòi lavabo""}, {""id"": ""hs-mir-gls-q22c85"", ""productId"": ""llv-mir-gls-q22c85"", ""label"": ""Gương"", ""x"": 50, ""y"": 31, ""category"": ""Gương""}, {""id"": ""hs-toi-toto-cs948dt8"", ""productId"": ""llv-toi-toto-cs948dt8"", ""label"": ""Bồn cầu"", ""x"": 76, ""y"": 65, ""category"": ""Bồn cầu""}, {""id"": ""hs-sho-inax-bfv655t8c"", ""productId"": ""llv-sho-inax-bfv655t8c"", ""label"": ""Sen tắm"", ""x"": 22, ""y"": 38, ""category"": ""Sen tắm""}, {""id"": ""hs-van-duravit-br4050r1021"", ""productId"": ""llv-van-duravit-br4050r1021"", ""label"": ""Tủ lavabo"", ""x"": 47, ""y"": 72, ""category"": ""Tủ lavabo""}, {""id"": ""hs-tile-vid-d6615"", ""productId"": ""llv-tile-vid-d6615"", ""label"": ""Gạch"", ""x"": 18, ""y"": 72, ""category"": ""Gạch ốp""}, {""id"": ""hs-light-kottmann-k4bt"", ""productId"": ""llv-light-kottmann-k4bt"", ""label"": ""Đèn"", ""x"": 57, ""y"": 18, ""category"": ""Đèn""}]","Căn hộ đô thị|Gia đình trẻ|Chủ nhà cải tạo|Showroom tư vấn nhanh","Khó hình dung sản phẩm khi xem riêng lẻ|Dễ chọn lệch phong cách hoặc vượt ngân sách|Mất thời gian hỏi giá từng món","Xem nhanh sản phẩm theo từng vị trí|Dễ kiểm soát ngân sách trước khi yêu cầu báo giá|Phối đồng bộ lavabo, vòi, gương và phụ kiện","Phòng tắm|Minimal|Dưới 30 triệu|3-6m²","Ảnh concept lấy từ nguồn ảnh nội thất miễn phí/được phép dùng cho tham khảo thiết kế; sản phẩm trong concept được liên kết với catalogue LivLab để phục vụ luồng báo giá."
"llc-014","phong-tam-luxury-voi-sen-cay-va-guong-led","Phòng tắm luxury với sen cây và gương LED","Phòng tắm","Luxury","Trên 60 triệu","6-10m²","65000000","120000000","Nâng cấp trải nghiệm bằng sen cây, đèn/gương LED và vật liệu đá.","Nâng cấp trải nghiệm bằng sen cây, đèn/gương LED và vật liệu đá. LivLab gợi ý các nhóm sản phẩm chính để người dùng có thể xem concept, chọn sản phẩm phù hợp và gửi yêu cầu báo giá theo nhu cầu thực tế.","https://images.unsplash.com/photo-1771239048293-72abf673adb2?auto=format&fit=crop&fm=jpg&ixlib=rb-4.1.0&q=80&w=1800","Phòng tắm luxury với sen cây và gương LED","TRUE","https://images.unsplash.com/photo-1771239048293-72abf673adb2?auto=format&fit=crop&fm=jpg&ixlib=rb-4.1.0&q=80&w=1800","https://unsplash.com/photos/modern-bathroom-with-glass-shower-and-vanity-sAjlPnz0QL4","llv-lav-toto-lw573jwf|llv-fau-toto-tlg02301b-pfg|llv-mir-karat-em0240250|llv-toi-toto-cs818dt2|llv-sho-inax-bfv915s|llv-acc-techbath-t1206-04|llv-tile-viglacera-gloss-living|llv-light-hans-h3b-listing","[{""id"": ""hs-lav-toto-lw573jwf"", ""productId"": ""llv-lav-toto-lw573jwf"", ""label"": ""Lavabo"", ""x"": 48, ""y"": 58, ""category"": ""Lavabo""}, {""id"": ""hs-fau-toto-tlg02301b-pfg"", ""productId"": ""llv-fau-toto-tlg02301b-pfg"", ""label"": ""Vòi"", ""x"": 50, ""y"": 50, ""category"": ""Vòi lavabo""}, {""id"": ""hs-mir-karat-em0240250"", ""productId"": ""llv-mir-karat-em0240250"", ""label"": ""Gương"", ""x"": 50, ""y"": 31, ""category"": ""Gương""}, {""id"": ""hs-toi-toto-cs818dt2"", ""productId"": ""llv-toi-toto-cs818dt2"", ""label"": ""Bồn cầu"", ""x"": 76, ""y"": 65, ""category"": ""Bồn cầu""}, {""id"": ""hs-sho-inax-bfv915s"", ""productId"": ""llv-sho-inax-bfv915s"", ""label"": ""Sen tắm"", ""x"": 22, ""y"": 38, ""category"": ""Sen tắm""}, {""id"": ""hs-acc-techbath-t1206-04"", ""productId"": ""llv-acc-techbath-t1206-04"", ""label"": ""Phụ kiện"", ""x"": 82, ""y"": 47, ""category"": ""Phụ kiện""}, {""id"": ""hs-tile-viglacera-gloss-living"", ""productId"": ""llv-tile-viglacera-gloss-living"", ""label"": ""Gạch"", ""x"": 18, ""y"": 72, ""category"": ""Gạch ốp""}, {""id"": ""hs-light-hans-h3b-listing"", ""productId"": ""llv-light-hans-h3b-listing"", ""label"": ""Đèn"", ""x"": 57, ""y"": 18, ""category"": ""Đèn""}]","Căn hộ đô thị|Gia đình trẻ|Chủ nhà cải tạo|Showroom tư vấn nhanh","Khó hình dung sản phẩm khi xem riêng lẻ|Dễ chọn lệch phong cách hoặc vượt ngân sách|Mất thời gian hỏi giá từng món","Xem nhanh sản phẩm theo từng vị trí|Dễ kiểm soát ngân sách trước khi yêu cầu báo giá|Phối đồng bộ lavabo, vòi, gương và phụ kiện","Phòng tắm|Luxury|Trên 60 triệu|6-10m²","Ảnh concept lấy từ nguồn ảnh nội thất miễn phí/được phép dùng cho tham khảo thiết kế; sản phẩm trong concept được liên kết với catalogue LivLab để phục vụ luồng báo giá."
"llc-015","phong-tam-budget-duoi-30-trieu","Phòng tắm budget dưới 30 triệu","Phòng tắm","Budget","Dưới 30 triệu","3-5m²","12000000","30000000","Gói cơ bản đủ dùng cho cải tạo nhanh và kiểm soát ngân sách.","Gói cơ bản đủ dùng cho cải tạo nhanh và kiểm soát ngân sách. LivLab gợi ý các nhóm sản phẩm chính để người dùng có thể xem concept, chọn sản phẩm phù hợp và gửi yêu cầu báo giá theo nhu cầu thực tế.","https://images.unsplash.com/photo-1584622650111-993a426fbf0a?auto=format&fit=crop&fm=jpg&ixlib=rb-4.1.0&q=80&w=1800","Phòng tắm budget dưới 30 triệu","TRUE","https://images.unsplash.com/photo-1584622650111-993a426fbf0a?auto=format&fit=crop&fm=jpg&ixlib=rb-4.1.0&q=80&w=1800","https://unsplash.com/photos/modern-bathroom-with-shower-and-vanity-sAjlPnz0QL4","llv-lav-toto-lw1233b|llv-fau-toto-tx109ld|llv-mir-dinhquoc-dq67016|llv-toi-inax-ac602vn2|llv-sho-inax-bfv615s8c|llv-acc-cotto-ct0062hm|llv-tile-vid-d6606|llv-acc-miken-mg3001","[{""id"": ""hs-lav-toto-lw1233b"", ""productId"": ""llv-lav-toto-lw1233b"", ""label"": ""Lavabo"", ""x"": 48, ""y"": 58, ""category"": ""Lavabo""}, {""id"": ""hs-fau-toto-tx109ld"", ""productId"": ""llv-fau-toto-tx109ld"", ""label"": ""Vòi"", ""x"": 50, ""y"": 50, ""category"": ""Vòi lavabo""}, {""id"": ""hs-mir-dinhquoc-dq67016"", ""productId"": ""llv-mir-dinhquoc-dq67016"", ""label"": ""Gương"", ""x"": 50, ""y"": 31, ""category"": ""Gương""}, {""id"": ""hs-toi-inax-ac602vn2"", ""productId"": ""llv-toi-inax-ac602vn2"", ""label"": ""Bồn cầu"", ""x"": 76, ""y"": 65, ""category"": ""Bồn cầu""}, {""id"": ""hs-sho-inax-bfv615s8c"", ""productId"": ""llv-sho-inax-bfv615s8c"", ""label"": ""Sen tắm"", ""x"": 22, ""y"": 38, ""category"": ""Sen tắm""}, {""id"": ""hs-acc-cotto-ct0062hm"", ""productId"": ""llv-acc-cotto-ct0062hm"", ""label"": ""Phụ kiện"", ""x"": 82, ""y"": 47, ""category"": ""Phụ kiện""}, {""id"": ""hs-tile-vid-d6606"", ""productId"": ""llv-tile-vid-d6606"", ""label"": ""Gạch"", ""x"": 18, ""y"": 72, ""category"": ""Gạch ốp""}, {""id"": ""hs-acc-miken-mg3001"", ""productId"": ""llv-acc-miken-mg3001"", ""label"": ""Phụ kiện"", ""x"": 88, ""y"": 51, ""category"": ""Phụ kiện""}]","Căn hộ đô thị|Gia đình trẻ|Chủ nhà cải tạo|Showroom tư vấn nhanh","Khó hình dung sản phẩm khi xem riêng lẻ|Dễ chọn lệch phong cách hoặc vượt ngân sách|Mất thời gian hỏi giá từng món","Xem nhanh sản phẩm theo từng vị trí|Dễ kiểm soát ngân sách trước khi yêu cầu báo giá|Phối đồng bộ lavabo, vòi, gương và phụ kiện","Phòng tắm|Budget|Dưới 30 triệu|3-5m²","Ảnh concept lấy từ nguồn ảnh nội thất miễn phí/được phép dùng cho tham khảo thiết kế; sản phẩm trong concept được liên kết với catalogue LivLab để phục vụ luồng báo giá."
"llc-016","phong-tam-can-bang-30-60-trieu","Phòng tắm cân bằng 30–60 triệu","Phòng tắm","Modern","30-60 triệu","4-7m²","30000000","60000000","Cân bằng giữa thẩm mỹ, thương hiệu thiết bị và ngân sách gia đình.","Cân bằng giữa thẩm mỹ, thương hiệu thiết bị và ngân sách gia đình. LivLab gợi ý các nhóm sản phẩm chính để người dùng có thể xem concept, chọn sản phẩm phù hợp và gửi yêu cầu báo giá theo nhu cầu thực tế.","https://images.unsplash.com/photo-1661107259637-4e1c55462428?auto=format&fit=crop&fm=jpg&ixlib=rb-4.1.0&q=80&w=1800","Phòng tắm cân bằng 30–60 triệu","TRUE","https://images.unsplash.com/photo-1661107259637-4e1c55462428?auto=format&fit=crop&fm=jpg&ixlib=rb-4.1.0&q=80&w=1800","https://unsplash.com/s/photos/modern-bathroom","llv-lav-toto-lt300c|llv-fau-toto-tx109ld|llv-mir-cleanmax-t01|llv-toi-inax-ac602vn|llv-sho-inax-bfv615s8c|llv-acc-bancoot-lk528s|llv-tile-vid-d6606|llv-light-chefman-cm613b","[{""id"": ""hs-lav-toto-lt300c"", ""productId"": ""llv-lav-toto-lt300c"", ""label"": ""Lavabo"", ""x"": 48, ""y"": 58, ""category"": ""Lavabo""}, {""id"": ""hs-fau-toto-tx109ld"", ""productId"": ""llv-fau-toto-tx109ld"", ""label"": ""Vòi"", ""x"": 50, ""y"": 50, ""category"": ""Vòi lavabo""}, {""id"": ""hs-mir-cleanmax-t01"", ""productId"": ""llv-mir-cleanmax-t01"", ""label"": ""Gương"", ""x"": 50, ""y"": 31, ""category"": ""Gương""}, {""id"": ""hs-toi-inax-ac602vn"", ""productId"": ""llv-toi-inax-ac602vn"", ""label"": ""Bồn cầu"", ""x"": 76, ""y"": 65, ""category"": ""Bồn cầu""}, {""id"": ""hs-sho-inax-bfv615s8c"", ""productId"": ""llv-sho-inax-bfv615s8c"", ""label"": ""Sen tắm"", ""x"": 22, ""y"": 38, ""category"": ""Sen tắm""}, {""id"": ""hs-acc-bancoot-lk528s"", ""productId"": ""llv-acc-bancoot-lk528s"", ""label"": ""Phụ kiện"", ""x"": 82, ""y"": 47, ""category"": ""Phụ kiện""}, {""id"": ""hs-tile-vid-d6606"", ""productId"": ""llv-tile-vid-d6606"", ""label"": ""Gạch"", ""x"": 18, ""y"": 72, ""category"": ""Gạch ốp""}, {""id"": ""hs-light-chefman-cm613b"", ""productId"": ""llv-light-chefman-cm613b"", ""label"": ""Đèn"", ""x"": 57, ""y"": 18, ""category"": ""Đèn""}]","Căn hộ đô thị|Gia đình trẻ|Chủ nhà cải tạo|Showroom tư vấn nhanh","Khó hình dung sản phẩm khi xem riêng lẻ|Dễ chọn lệch phong cách hoặc vượt ngân sách|Mất thời gian hỏi giá từng món","Xem nhanh sản phẩm theo từng vị trí|Dễ kiểm soát ngân sách trước khi yêu cầu báo giá|Phối đồng bộ lavabo, vòi, gương và phụ kiện","Phòng tắm|Modern|30-60 triệu|4-7m²","Ảnh concept lấy từ nguồn ảnh nội thất miễn phí/được phép dùng cho tham khảo thiết kế; sản phẩm trong concept được liên kết với catalogue LivLab để phục vụ luồng báo giá."
"llc-017","phong-tam-cao-cap-tren-60-trieu","Phòng tắm cao cấp trên 60 triệu","Phòng tắm","Luxury","Trên 60 triệu","7-12m²","60000000","130000000","Tập trung vào chất liệu, ánh sáng và trải nghiệm cao cấp.","Tập trung vào chất liệu, ánh sáng và trải nghiệm cao cấp. LivLab gợi ý các nhóm sản phẩm chính để người dùng có thể xem concept, chọn sản phẩm phù hợp và gửi yêu cầu báo giá theo nhu cầu thực tế.","https://images.unsplash.com/photo-1576698483491-8c43f0862543?auto=format&fit=crop&fm=jpg&ixlib=rb-4.1.0&q=80&w=1800","Phòng tắm cao cấp trên 60 triệu","TRUE","https://images.unsplash.com/photo-1576698483491-8c43f0862543?auto=format&fit=crop&fm=jpg&ixlib=rb-4.1.0&q=80&w=1800","https://unsplash.com/s/photos/modern-bathroom","llv-lav-toto-lt1705-xw|llv-fau-premier-9005|llv-mir-gls-q21c85|llv-toi-toto-cs838dt8|llv-sho-inax-bfv615s3c|llv-acc-duraqua-s6609|llv-tile-hex-bathroom-anti-slip|llv-light-hans-h4b","[{""id"": ""hs-lav-toto-lt1705-xw"", ""productId"": ""llv-lav-toto-lt1705-xw"", ""label"": ""Lavabo"", ""x"": 48, ""y"": 58, ""category"": ""Lavabo""}, {""id"": ""hs-fau-premier-9005"", ""productId"": ""llv-fau-premier-9005"", ""label"": ""Vòi"", ""x"": 50, ""y"": 50, ""category"": ""Vòi lavabo""}, {""id"": ""hs-mir-gls-q21c85"", ""productId"": ""llv-mir-gls-q21c85"", ""label"": ""Gương"", ""x"": 50, ""y"": 31, ""category"": ""Gương""}, {""id"": ""hs-toi-toto-cs838dt8"", ""productId"": ""llv-toi-toto-cs838dt8"", ""label"": ""Bồn cầu"", ""x"": 76, ""y"": 65, ""category"": ""Bồn cầu""}, {""id"": ""hs-sho-inax-bfv615s3c"", ""productId"": ""llv-sho-inax-bfv615s3c"", ""label"": ""Sen tắm"", ""x"": 22, ""y"": 38, ""category"": ""Sen tắm""}, {""id"": ""hs-acc-duraqua-s6609"", ""productId"": ""llv-acc-duraqua-s6609"", ""label"": ""Phụ kiện"", ""x"": 82, ""y"": 47, ""category"": ""Phụ kiện""}, {""id"": ""hs-tile-hex-bathroom-anti-slip"", ""productId"": ""llv-tile-hex-bathroom-anti-slip"", ""label"": ""Gạch"", ""x"": 18, ""y"": 72, ""category"": ""Gạch ốp""}, {""id"": ""hs-light-hans-h4b"", ""productId"": ""llv-light-hans-h4b"", ""label"": ""Đèn"", ""x"": 57, ""y"": 18, ""category"": ""Đèn""}]","Căn hộ đô thị|Gia đình trẻ|Chủ nhà cải tạo|Showroom tư vấn nhanh","Khó hình dung sản phẩm khi xem riêng lẻ|Dễ chọn lệch phong cách hoặc vượt ngân sách|Mất thời gian hỏi giá từng món","Xem nhanh sản phẩm theo từng vị trí|Dễ kiểm soát ngân sách trước khi yêu cầu báo giá|Phối đồng bộ lavabo, vòi, gương và phụ kiện","Phòng tắm|Luxury|Trên 60 triệu|7-12m²","Ảnh concept lấy từ nguồn ảnh nội thất miễn phí/được phép dùng cho tham khảo thiết kế; sản phẩm trong concept được liên kết với catalogue LivLab để phục vụ luồng báo giá."
"llc-018","phong-tam-chong-am-cho-khi-hau-viet-nam","Phòng tắm chống ẩm cho khí hậu Việt Nam","Phòng tắm","Practical","30-60 triệu","4-7m²","28000000","58000000","Chọn vật liệu và phụ kiện phù hợp môi trường ẩm, dễ bảo trì.","Chọn vật liệu và phụ kiện phù hợp môi trường ẩm, dễ bảo trì. LivLab gợi ý các nhóm sản phẩm chính để người dùng có thể xem concept, chọn sản phẩm phù hợp và gửi yêu cầu báo giá theo nhu cầu thực tế.","https://images.unsplash.com/photo-1643949719317-4342d8d4031e?auto=format&fit=crop&fm=jpg&ixlib=rb-4.1.0&q=80&w=1800","Phòng tắm chống ẩm cho khí hậu Việt Nam","TRUE","https://images.unsplash.com/photo-1643949719317-4342d8d4031e?auto=format&fit=crop&fm=jpg&ixlib=rb-4.1.0&q=80&w=1800","https://unsplash.com/s/photos/modern-bathroom","llv-lav-toto-lt1735-xw|llv-fau-toto-tlg02301b-bfg|llv-mir-gls-q22c85|llv-toi-toto-cs948dt8|llv-sho-inax-bfv655t8c|llv-van-duravit-br4050r1021|llv-tile-vid-d6615|llv-light-kottmann-k4bt","[{""id"": ""hs-lav-toto-lt1735-xw"", ""productId"": ""llv-lav-toto-lt1735-xw"", ""label"": ""Lavabo"", ""x"": 48, ""y"": 58, ""category"": ""Lavabo""}, {""id"": ""hs-fau-toto-tlg02301b-bfg"", ""productId"": ""llv-fau-toto-tlg02301b-bfg"", ""label"": ""Vòi"", ""x"": 50, ""y"": 50, ""category"": ""Vòi lavabo""}, {""id"": ""hs-mir-gls-q22c85"", ""productId"": ""llv-mir-gls-q22c85"", ""label"": ""Gương"", ""x"": 50, ""y"": 31, ""category"": ""Gương""}, {""id"": ""hs-toi-toto-cs948dt8"", ""productId"": ""llv-toi-toto-cs948dt8"", ""label"": ""Bồn cầu"", ""x"": 76, ""y"": 65, ""category"": ""Bồn cầu""}, {""id"": ""hs-sho-inax-bfv655t8c"", ""productId"": ""llv-sho-inax-bfv655t8c"", ""label"": ""Sen tắm"", ""x"": 22, ""y"": 38, ""category"": ""Sen tắm""}, {""id"": ""hs-van-duravit-br4050r1021"", ""productId"": ""llv-van-duravit-br4050r1021"", ""label"": ""Tủ lavabo"", ""x"": 47, ""y"": 72, ""category"": ""Tủ lavabo""}, {""id"": ""hs-tile-vid-d6615"", ""productId"": ""llv-tile-vid-d6615"", ""label"": ""Gạch"", ""x"": 18, ""y"": 72, ""category"": ""Gạch ốp""}, {""id"": ""hs-light-kottmann-k4bt"", ""productId"": ""llv-light-kottmann-k4bt"", ""label"": ""Đèn"", ""x"": 57, ""y"": 18, ""category"": ""Đèn""}]","Căn hộ đô thị|Gia đình trẻ|Chủ nhà cải tạo|Showroom tư vấn nhanh","Khó hình dung sản phẩm khi xem riêng lẻ|Dễ chọn lệch phong cách hoặc vượt ngân sách|Mất thời gian hỏi giá từng món","Xem nhanh sản phẩm theo từng vị trí|Dễ kiểm soát ngân sách trước khi yêu cầu báo giá|Phối đồng bộ lavabo, vòi, gương và phụ kiện","Phòng tắm|Practical|30-60 triệu|4-7m²","Ảnh concept lấy từ nguồn ảnh nội thất miễn phí/được phép dùng cho tham khảo thiết kế; sản phẩm trong concept được liên kết với catalogue LivLab để phục vụ luồng báo giá."
"llc-019","phong-tam-rental-de-bao-tri","Phòng tắm rental dễ bảo trì","Phòng tắm","Budget","Dưới 30 triệu","3-5m²","12000000","28000000","Thiết bị phổ thông, dễ thay thế, phù hợp chủ căn hộ cho thuê.","Thiết bị phổ thông, dễ thay thế, phù hợp chủ căn hộ cho thuê. LivLab gợi ý các nhóm sản phẩm chính để người dùng có thể xem concept, chọn sản phẩm phù hợp và gửi yêu cầu báo giá theo nhu cầu thực tế.","https://images.unsplash.com/photo-1584622650111-993a426fbf0a?auto=format&fit=crop&fm=jpg&ixlib=rb-4.1.0&q=80&w=1800","Phòng tắm rental dễ bảo trì","TRUE","https://images.unsplash.com/photo-1584622650111-993a426fbf0a?auto=format&fit=crop&fm=jpg&ixlib=rb-4.1.0&q=80&w=1800","https://unsplash.com/photos/modern-bathroom-with-shower-and-vanity-sAjlPnz0QL4","llv-lav-toto-lw573jwf|llv-fau-toto-tlg02301b-pfg|llv-mir-karat-em0240250|llv-toi-toto-cs818dt2|llv-sho-inax-bfv915s|llv-acc-techbath-t1206-04|llv-tile-viglacera-gloss-living|llv-light-hans-h3b-listing","[{""id"": ""hs-lav-toto-lw573jwf"", ""productId"": ""llv-lav-toto-lw573jwf"", ""label"": ""Lavabo"", ""x"": 48, ""y"": 58, ""category"": ""Lavabo""}, {""id"": ""hs-fau-toto-tlg02301b-pfg"", ""productId"": ""llv-fau-toto-tlg02301b-pfg"", ""label"": ""Vòi"", ""x"": 50, ""y"": 50, ""category"": ""Vòi lavabo""}, {""id"": ""hs-mir-karat-em0240250"", ""productId"": ""llv-mir-karat-em0240250"", ""label"": ""Gương"", ""x"": 50, ""y"": 31, ""category"": ""Gương""}, {""id"": ""hs-toi-toto-cs818dt2"", ""productId"": ""llv-toi-toto-cs818dt2"", ""label"": ""Bồn cầu"", ""x"": 76, ""y"": 65, ""category"": ""Bồn cầu""}, {""id"": ""hs-sho-inax-bfv915s"", ""productId"": ""llv-sho-inax-bfv915s"", ""label"": ""Sen tắm"", ""x"": 22, ""y"": 38, ""category"": ""Sen tắm""}, {""id"": ""hs-acc-techbath-t1206-04"", ""productId"": ""llv-acc-techbath-t1206-04"", ""label"": ""Phụ kiện"", ""x"": 82, ""y"": 47, ""category"": ""Phụ kiện""}, {""id"": ""hs-tile-viglacera-gloss-living"", ""productId"": ""llv-tile-viglacera-gloss-living"", ""label"": ""Gạch"", ""x"": 18, ""y"": 72, ""category"": ""Gạch ốp""}, {""id"": ""hs-light-hans-h3b-listing"", ""productId"": ""llv-light-hans-h3b-listing"", ""label"": ""Đèn"", ""x"": 57, ""y"": 18, ""category"": ""Đèn""}]","Căn hộ đô thị|Gia đình trẻ|Chủ nhà cải tạo|Showroom tư vấn nhanh","Khó hình dung sản phẩm khi xem riêng lẻ|Dễ chọn lệch phong cách hoặc vượt ngân sách|Mất thời gian hỏi giá từng món","Xem nhanh sản phẩm theo từng vị trí|Dễ kiểm soát ngân sách trước khi yêu cầu báo giá|Phối đồng bộ lavabo, vòi, gương và phụ kiện","Phòng tắm|Budget|Dưới 30 triệu|3-5m²","Ảnh concept lấy từ nguồn ảnh nội thất miễn phí/được phép dùng cho tham khảo thiết kế; sản phẩm trong concept được liên kết với catalogue LivLab để phục vụ luồng báo giá."
"llc-020","phong-tam-hien-dai-cho-gia-dinh-tre","Phòng tắm hiện đại cho gia đình trẻ","Phòng tắm","Modern","30-60 triệu","4-8m²","35000000","65000000","Bố trí tiện dụng cho sinh hoạt hằng ngày, dễ giữ sạch và đủ lưu trữ.","Bố trí tiện dụng cho sinh hoạt hằng ngày, dễ giữ sạch và đủ lưu trữ. LivLab gợi ý các nhóm sản phẩm chính để người dùng có thể xem concept, chọn sản phẩm phù hợp và gửi yêu cầu báo giá theo nhu cầu thực tế.","https://images.unsplash.com/photo-1629079447777-1e605162dc8d?auto=format&fit=crop&fm=jpg&ixlib=rb-4.1.0&q=80&w=1800","Phòng tắm hiện đại cho gia đình trẻ","TRUE","https://images.unsplash.com/photo-1629079447777-1e605162dc8d?auto=format&fit=crop&fm=jpg&ixlib=rb-4.1.0&q=80&w=1800","https://unsplash.com/s/photos/modern-bathroom","llv-lav-toto-lw1233b|llv-fau-toto-tx109ld|llv-mir-dinhquoc-dq67016|llv-toi-inax-ac602vn2|llv-sho-inax-bfv615s8c|llv-acc-cotto-ct0062hm|llv-tile-vid-d6606|llv-acc-miken-mg3001","[{""id"": ""hs-lav-toto-lw1233b"", ""productId"": ""llv-lav-toto-lw1233b"", ""label"": ""Lavabo"", ""x"": 48, ""y"": 58, ""category"": ""Lavabo""}, {""id"": ""hs-fau-toto-tx109ld"", ""productId"": ""llv-fau-toto-tx109ld"", ""label"": ""Vòi"", ""x"": 50, ""y"": 50, ""category"": ""Vòi lavabo""}, {""id"": ""hs-mir-dinhquoc-dq67016"", ""productId"": ""llv-mir-dinhquoc-dq67016"", ""label"": ""Gương"", ""x"": 50, ""y"": 31, ""category"": ""Gương""}, {""id"": ""hs-toi-inax-ac602vn2"", ""productId"": ""llv-toi-inax-ac602vn2"", ""label"": ""Bồn cầu"", ""x"": 76, ""y"": 65, ""category"": ""Bồn cầu""}, {""id"": ""hs-sho-inax-bfv615s8c"", ""productId"": ""llv-sho-inax-bfv615s8c"", ""label"": ""Sen tắm"", ""x"": 22, ""y"": 38, ""category"": ""Sen tắm""}, {""id"": ""hs-acc-cotto-ct0062hm"", ""productId"": ""llv-acc-cotto-ct0062hm"", ""label"": ""Phụ kiện"", ""x"": 82, ""y"": 47, ""category"": ""Phụ kiện""}, {""id"": ""hs-tile-vid-d6606"", ""productId"": ""llv-tile-vid-d6606"", ""label"": ""Gạch"", ""x"": 18, ""y"": 72, ""category"": ""Gạch ốp""}, {""id"": ""hs-acc-miken-mg3001"", ""productId"": ""llv-acc-miken-mg3001"", ""label"": ""Phụ kiện"", ""x"": 88, ""y"": 51, ""category"": ""Phụ kiện""}]","Căn hộ đô thị|Gia đình trẻ|Chủ nhà cải tạo|Showroom tư vấn nhanh","Khó hình dung sản phẩm khi xem riêng lẻ|Dễ chọn lệch phong cách hoặc vượt ngân sách|Mất thời gian hỏi giá từng món","Xem nhanh sản phẩm theo từng vị trí|Dễ kiểm soát ngân sách trước khi yêu cầu báo giá|Phối đồng bộ lavabo, vòi, gương và phụ kiện","Phòng tắm|Modern|30-60 triệu|4-8m²","Ảnh concept lấy từ nguồn ảnh nội thất miễn phí/được phép dùng cho tham khảo thiết kế; sản phẩm trong concept được liên kết với catalogue LivLab để phục vụ luồng báo giá."
"llc-021","goc-bep-can-ho-toi-gian","Góc bếp căn hộ tối giản","Bếp","Minimal","30-60 triệu","6-10m²","35000000","70000000","Bếp căn hộ nhỏ gọn với tông sáng, mặt bàn sạch và lưu trữ vừa đủ.","Bếp căn hộ nhỏ gọn với tông sáng, mặt bàn sạch và lưu trữ vừa đủ. LivLab gợi ý các nhóm sản phẩm chính để người dùng có thể xem concept, chọn sản phẩm phù hợp và gửi yêu cầu báo giá theo nhu cầu thực tế.","https://images.unsplash.com/photo-1612320648993-61c1cd604b71?auto=format&fit=crop&fm=jpg&ixlib=rb-4.1.0&q=80&w=1800","Góc bếp căn hộ tối giản","TRUE","https://images.unsplash.com/photo-1612320648993-61c1cd604b71?auto=format&fit=crop&fm=jpg&ixlib=rb-4.1.0&q=80&w=1800","https://unsplash.com/photos/white-ceramic-sink-near-brown-wooden-table-9vvp_nuVaJk","llv-mir-cleanmax-t01|llv-light-chefman-cm613b|llv-tile-viglacera-gloss-living|llv-acc-duraqua-s6609|llv-acc-bancoot-xf552","[{""id"": ""hs-light"", ""productId"": ""llv-light-chefman-cm613b"", ""label"": ""Đèn"", ""x"": 55, ""y"": 20, ""category"": ""Đèn""}, {""id"": ""hs-tile"", ""productId"": ""llv-tile-viglacera-gloss-living"", ""label"": ""Bề mặt"", ""x"": 45, ""y"": 72, ""category"": ""Gạch ốp""}, {""id"": ""hs-mirror"", ""productId"": ""llv-mir-cleanmax-t01"", ""label"": ""Gương"", ""x"": 30, ""y"": 38, ""category"": ""Gương""}, {""id"": ""hs-accessory"", ""productId"": ""llv-acc-duraqua-s6609"", ""label"": ""Phụ kiện"", ""x"": 70, ""y"": 55, ""category"": ""Phụ kiện""}]","Căn hộ đô thị|Nhà cho thuê|Homestay|Gia đình trẻ","Khó chọn vật liệu/phụ kiện đồng bộ|Thiếu hình dung tổng thể khi xem từng món|Cần một cấu hình tham khảo trước khi hỏi giá","Gợi ý phối vật liệu và phụ kiện theo concept|Dễ mở rộng báo giá cho nhiều không gian|Giữ đồng bộ phong cách căn hộ","Bếp|Minimal|30-60 triệu|6-10m²","Ảnh concept lấy từ nguồn ảnh nội thất miễn phí/được phép dùng cho tham khảo thiết kế; sản phẩm trong concept được liên kết với catalogue LivLab để phục vụ luồng báo giá."
"llc-022","bep-chu-i-cho-can-ho-nho","Bếp chữ I cho căn hộ nhỏ","Bếp","Compact","Dưới 30 triệu","4-7m²","20000000","45000000","Tối ưu một dãy bếp cho không gian nhỏ, dễ thi công và bảo trì.","Tối ưu một dãy bếp cho không gian nhỏ, dễ thi công và bảo trì. LivLab gợi ý các nhóm sản phẩm chính để người dùng có thể xem concept, chọn sản phẩm phù hợp và gửi yêu cầu báo giá theo nhu cầu thực tế.","https://images.unsplash.com/photo-1612320648993-61c1cd604b71?auto=format&fit=crop&fm=jpg&ixlib=rb-4.1.0&q=80&w=1800","Bếp chữ I cho căn hộ nhỏ","TRUE","https://images.unsplash.com/photo-1612320648993-61c1cd604b71?auto=format&fit=crop&fm=jpg&ixlib=rb-4.1.0&q=80&w=1800","https://unsplash.com/photos/white-ceramic-sink-near-brown-wooden-table-9vvp_nuVaJk","llv-mir-cleanmax-t01|llv-light-chefman-cm613b|llv-tile-viglacera-gloss-living|llv-acc-duraqua-s6609|llv-acc-bancoot-xf552","[{""id"": ""hs-light"", ""productId"": ""llv-light-chefman-cm613b"", ""label"": ""Đèn"", ""x"": 55, ""y"": 20, ""category"": ""Đèn""}, {""id"": ""hs-tile"", ""productId"": ""llv-tile-viglacera-gloss-living"", ""label"": ""Bề mặt"", ""x"": 45, ""y"": 72, ""category"": ""Gạch ốp""}, {""id"": ""hs-mirror"", ""productId"": ""llv-mir-cleanmax-t01"", ""label"": ""Gương"", ""x"": 30, ""y"": 38, ""category"": ""Gương""}, {""id"": ""hs-accessory"", ""productId"": ""llv-acc-duraqua-s6609"", ""label"": ""Phụ kiện"", ""x"": 70, ""y"": 55, ""category"": ""Phụ kiện""}]","Căn hộ đô thị|Nhà cho thuê|Homestay|Gia đình trẻ","Khó chọn vật liệu/phụ kiện đồng bộ|Thiếu hình dung tổng thể khi xem từng món|Cần một cấu hình tham khảo trước khi hỏi giá","Gợi ý phối vật liệu và phụ kiện theo concept|Dễ mở rộng báo giá cho nhiều không gian|Giữ đồng bộ phong cách căn hộ","Bếp|Compact|Dưới 30 triệu|4-7m²","Ảnh concept lấy từ nguồn ảnh nội thất miễn phí/được phép dùng cho tham khảo thiết kế; sản phẩm trong concept được liên kết với catalogue LivLab để phục vụ luồng báo giá."
"llc-023","bep-warm-neutral-cho-gia-dinh-tre","Bếp Warm Neutral cho gia đình trẻ","Bếp","Warm Neutral","30-60 triệu","8-12m²","45000000","85000000","Tông gỗ ấm và trắng kem, phù hợp sinh hoạt gia đình trẻ.","Tông gỗ ấm và trắng kem, phù hợp sinh hoạt gia đình trẻ. LivLab gợi ý các nhóm sản phẩm chính để người dùng có thể xem concept, chọn sản phẩm phù hợp và gửi yêu cầu báo giá theo nhu cầu thực tế.","https://images.unsplash.com/photo-1612320648993-61c1cd604b71?auto=format&fit=crop&fm=jpg&ixlib=rb-4.1.0&q=80&w=1800","Bếp Warm Neutral cho gia đình trẻ","TRUE","https://images.unsplash.com/photo-1612320648993-61c1cd604b71?auto=format&fit=crop&fm=jpg&ixlib=rb-4.1.0&q=80&w=1800","https://unsplash.com/photos/white-ceramic-sink-near-brown-wooden-table-9vvp_nuVaJk","llv-mir-cleanmax-t01|llv-light-chefman-cm613b|llv-tile-viglacera-gloss-living|llv-acc-duraqua-s6609|llv-acc-bancoot-xf552","[{""id"": ""hs-light"", ""productId"": ""llv-light-chefman-cm613b"", ""label"": ""Đèn"", ""x"": 55, ""y"": 20, ""category"": ""Đèn""}, {""id"": ""hs-tile"", ""productId"": ""llv-tile-viglacera-gloss-living"", ""label"": ""Bề mặt"", ""x"": 45, ""y"": 72, ""category"": ""Gạch ốp""}, {""id"": ""hs-mirror"", ""productId"": ""llv-mir-cleanmax-t01"", ""label"": ""Gương"", ""x"": 30, ""y"": 38, ""category"": ""Gương""}, {""id"": ""hs-accessory"", ""productId"": ""llv-acc-duraqua-s6609"", ""label"": ""Phụ kiện"", ""x"": 70, ""y"": 55, ""category"": ""Phụ kiện""}]","Căn hộ đô thị|Nhà cho thuê|Homestay|Gia đình trẻ","Khó chọn vật liệu/phụ kiện đồng bộ|Thiếu hình dung tổng thể khi xem từng món|Cần một cấu hình tham khảo trước khi hỏi giá","Gợi ý phối vật liệu và phụ kiện theo concept|Dễ mở rộng báo giá cho nhiều không gian|Giữ đồng bộ phong cách căn hộ","Bếp|Warm Neutral|30-60 triệu|8-12m²","Ảnh concept lấy từ nguồn ảnh nội thất miễn phí/được phép dùng cho tham khảo thiết kế; sản phẩm trong concept được liên kết với catalogue LivLab để phục vụ luồng báo giá."
"llc-024","bep-rental-de-bao-tri","Bếp rental dễ bảo trì","Bếp","Budget","Dưới 30 triệu","4-8m²","18000000","40000000","Ưu tiên vật liệu dễ lau, bền và chi phí hợp lý cho căn hộ cho thuê.","Ưu tiên vật liệu dễ lau, bền và chi phí hợp lý cho căn hộ cho thuê. LivLab gợi ý các nhóm sản phẩm chính để người dùng có thể xem concept, chọn sản phẩm phù hợp và gửi yêu cầu báo giá theo nhu cầu thực tế.","https://images.unsplash.com/photo-1612320648993-61c1cd604b71?auto=format&fit=crop&fm=jpg&ixlib=rb-4.1.0&q=80&w=1800","Bếp rental dễ bảo trì","TRUE","https://images.unsplash.com/photo-1612320648993-61c1cd604b71?auto=format&fit=crop&fm=jpg&ixlib=rb-4.1.0&q=80&w=1800","https://unsplash.com/photos/white-ceramic-sink-near-brown-wooden-table-9vvp_nuVaJk","llv-mir-cleanmax-t01|llv-light-chefman-cm613b|llv-tile-viglacera-gloss-living|llv-acc-duraqua-s6609|llv-acc-bancoot-xf552","[{""id"": ""hs-light"", ""productId"": ""llv-light-chefman-cm613b"", ""label"": ""Đèn"", ""x"": 55, ""y"": 20, ""category"": ""Đèn""}, {""id"": ""hs-tile"", ""productId"": ""llv-tile-viglacera-gloss-living"", ""label"": ""Bề mặt"", ""x"": 45, ""y"": 72, ""category"": ""Gạch ốp""}, {""id"": ""hs-mirror"", ""productId"": ""llv-mir-cleanmax-t01"", ""label"": ""Gương"", ""x"": 30, ""y"": 38, ""category"": ""Gương""}, {""id"": ""hs-accessory"", ""productId"": ""llv-acc-duraqua-s6609"", ""label"": ""Phụ kiện"", ""x"": 70, ""y"": 55, ""category"": ""Phụ kiện""}]","Căn hộ đô thị|Nhà cho thuê|Homestay|Gia đình trẻ","Khó chọn vật liệu/phụ kiện đồng bộ|Thiếu hình dung tổng thể khi xem từng món|Cần một cấu hình tham khảo trước khi hỏi giá","Gợi ý phối vật liệu và phụ kiện theo concept|Dễ mở rộng báo giá cho nhiều không gian|Giữ đồng bộ phong cách căn hộ","Bếp|Budget|Dưới 30 triệu|4-8m²","Ảnh concept lấy từ nguồn ảnh nội thất miễn phí/được phép dùng cho tham khảo thiết kế; sản phẩm trong concept được liên kết với catalogue LivLab để phục vụ luồng báo giá."
"llc-025","phong-khach-can-ho-nho","Phòng khách căn hộ nhỏ","Phòng khách","Compact","30-60 triệu","10-15m²","25000000","60000000","Không gian tiếp khách gọn, ấm, có điểm nhấn bàn và ánh sáng.","Không gian tiếp khách gọn, ấm, có điểm nhấn bàn và ánh sáng. LivLab gợi ý các nhóm sản phẩm chính để người dùng có thể xem concept, chọn sản phẩm phù hợp và gửi yêu cầu báo giá theo nhu cầu thực tế.","https://images.unsplash.com/photo-1583847268964-b28dc8f51f92?auto=format&fit=crop&fm=jpg&ixlib=rb-4.1.0&q=80&w=1800","Phòng khách căn hộ nhỏ","TRUE","https://images.unsplash.com/photo-1583847268964-b28dc8f51f92?auto=format&fit=crop&fm=jpg&ixlib=rb-4.1.0&q=80&w=1800","https://unsplash.com/s/photos/apartment-living-room","llv-mir-cleanmax-t01|llv-light-chefman-cm613b|llv-tile-viglacera-gloss-living|llv-acc-duraqua-s6609|llv-acc-bancoot-xf552","[{""id"": ""hs-light"", ""productId"": ""llv-light-chefman-cm613b"", ""label"": ""Đèn"", ""x"": 55, ""y"": 20, ""category"": ""Đèn""}, {""id"": ""hs-tile"", ""productId"": ""llv-tile-viglacera-gloss-living"", ""label"": ""Bề mặt"", ""x"": 45, ""y"": 72, ""category"": ""Gạch ốp""}, {""id"": ""hs-mirror"", ""productId"": ""llv-mir-cleanmax-t01"", ""label"": ""Gương"", ""x"": 30, ""y"": 38, ""category"": ""Gương""}, {""id"": ""hs-accessory"", ""productId"": ""llv-acc-duraqua-s6609"", ""label"": ""Phụ kiện"", ""x"": 70, ""y"": 55, ""category"": ""Phụ kiện""}]","Căn hộ đô thị|Nhà cho thuê|Homestay|Gia đình trẻ","Khó chọn vật liệu/phụ kiện đồng bộ|Thiếu hình dung tổng thể khi xem từng món|Cần một cấu hình tham khảo trước khi hỏi giá","Gợi ý phối vật liệu và phụ kiện theo concept|Dễ mở rộng báo giá cho nhiều không gian|Giữ đồng bộ phong cách căn hộ","Phòng khách|Compact|30-60 triệu|10-15m²","Ảnh concept lấy từ nguồn ảnh nội thất miễn phí/được phép dùng cho tham khảo thiết kế; sản phẩm trong concept được liên kết với catalogue LivLab để phục vụ luồng báo giá."
"llc-026","phong-khach-japandi","Phòng khách Japandi","Phòng khách","Japandi","30-60 triệu","12-18m²","35000000","80000000","Tối giản, gỗ ấm và đường nét nhẹ, phù hợp căn hộ đô thị.","Tối giản, gỗ ấm và đường nét nhẹ, phù hợp căn hộ đô thị. LivLab gợi ý các nhóm sản phẩm chính để người dùng có thể xem concept, chọn sản phẩm phù hợp và gửi yêu cầu báo giá theo nhu cầu thực tế.","https://images.unsplash.com/photo-1583847268964-b28dc8f51f92?auto=format&fit=crop&fm=jpg&ixlib=rb-4.1.0&q=80&w=1800","Phòng khách Japandi","TRUE","https://images.unsplash.com/photo-1583847268964-b28dc8f51f92?auto=format&fit=crop&fm=jpg&ixlib=rb-4.1.0&q=80&w=1800","https://unsplash.com/s/photos/apartment-living-room","llv-mir-cleanmax-t01|llv-light-chefman-cm613b|llv-tile-viglacera-gloss-living|llv-acc-duraqua-s6609|llv-acc-bancoot-xf552","[{""id"": ""hs-light"", ""productId"": ""llv-light-chefman-cm613b"", ""label"": ""Đèn"", ""x"": 55, ""y"": 20, ""category"": ""Đèn""}, {""id"": ""hs-tile"", ""productId"": ""llv-tile-viglacera-gloss-living"", ""label"": ""Bề mặt"", ""x"": 45, ""y"": 72, ""category"": ""Gạch ốp""}, {""id"": ""hs-mirror"", ""productId"": ""llv-mir-cleanmax-t01"", ""label"": ""Gương"", ""x"": 30, ""y"": 38, ""category"": ""Gương""}, {""id"": ""hs-accessory"", ""productId"": ""llv-acc-duraqua-s6609"", ""label"": ""Phụ kiện"", ""x"": 70, ""y"": 55, ""category"": ""Phụ kiện""}]","Căn hộ đô thị|Nhà cho thuê|Homestay|Gia đình trẻ","Khó chọn vật liệu/phụ kiện đồng bộ|Thiếu hình dung tổng thể khi xem từng món|Cần một cấu hình tham khảo trước khi hỏi giá","Gợi ý phối vật liệu và phụ kiện theo concept|Dễ mở rộng báo giá cho nhiều không gian|Giữ đồng bộ phong cách căn hộ","Phòng khách|Japandi|30-60 triệu|12-18m²","Ảnh concept lấy từ nguồn ảnh nội thất miễn phí/được phép dùng cho tham khảo thiết kế; sản phẩm trong concept được liên kết với catalogue LivLab để phục vụ luồng báo giá."
"llc-027","phong-khach-warm-neutral","Phòng khách Warm Neutral","Phòng khách","Warm Neutral","30-60 triệu","12-20m²","35000000","85000000","Bảng màu trung tính ấm, dễ phối nội thất và phụ kiện.","Bảng màu trung tính ấm, dễ phối nội thất và phụ kiện. LivLab gợi ý các nhóm sản phẩm chính để người dùng có thể xem concept, chọn sản phẩm phù hợp và gửi yêu cầu báo giá theo nhu cầu thực tế.","https://images.unsplash.com/photo-1583847268964-b28dc8f51f92?auto=format&fit=crop&fm=jpg&ixlib=rb-4.1.0&q=80&w=1800","Phòng khách Warm Neutral","TRUE","https://images.unsplash.com/photo-1583847268964-b28dc8f51f92?auto=format&fit=crop&fm=jpg&ixlib=rb-4.1.0&q=80&w=1800","https://unsplash.com/s/photos/apartment-living-room","llv-mir-cleanmax-t01|llv-light-chefman-cm613b|llv-tile-viglacera-gloss-living|llv-acc-duraqua-s6609|llv-acc-bancoot-xf552","[{""id"": ""hs-light"", ""productId"": ""llv-light-chefman-cm613b"", ""label"": ""Đèn"", ""x"": 55, ""y"": 20, ""category"": ""Đèn""}, {""id"": ""hs-tile"", ""productId"": ""llv-tile-viglacera-gloss-living"", ""label"": ""Bề mặt"", ""x"": 45, ""y"": 72, ""category"": ""Gạch ốp""}, {""id"": ""hs-mirror"", ""productId"": ""llv-mir-cleanmax-t01"", ""label"": ""Gương"", ""x"": 30, ""y"": 38, ""category"": ""Gương""}, {""id"": ""hs-accessory"", ""productId"": ""llv-acc-duraqua-s6609"", ""label"": ""Phụ kiện"", ""x"": 70, ""y"": 55, ""category"": ""Phụ kiện""}]","Căn hộ đô thị|Nhà cho thuê|Homestay|Gia đình trẻ","Khó chọn vật liệu/phụ kiện đồng bộ|Thiếu hình dung tổng thể khi xem từng món|Cần một cấu hình tham khảo trước khi hỏi giá","Gợi ý phối vật liệu và phụ kiện theo concept|Dễ mở rộng báo giá cho nhiều không gian|Giữ đồng bộ phong cách căn hộ","Phòng khách|Warm Neutral|30-60 triệu|12-20m²","Ảnh concept lấy từ nguồn ảnh nội thất miễn phí/được phép dùng cho tham khảo thiết kế; sản phẩm trong concept được liên kết với catalogue LivLab để phục vụ luồng báo giá."
"llc-028","phong-khach-cho-homestay","Phòng khách cho homestay","Phòng khách","Boutique","30-60 triệu","12-20m²","40000000","90000000","Không gian có điểm nhấn hình ảnh, phù hợp chụp ảnh listing lưu trú.","Không gian có điểm nhấn hình ảnh, phù hợp chụp ảnh listing lưu trú. LivLab gợi ý các nhóm sản phẩm chính để người dùng có thể xem concept, chọn sản phẩm phù hợp và gửi yêu cầu báo giá theo nhu cầu thực tế.","https://images.unsplash.com/photo-1583847268964-b28dc8f51f92?auto=format&fit=crop&fm=jpg&ixlib=rb-4.1.0&q=80&w=1800","Phòng khách cho homestay","TRUE","https://images.unsplash.com/photo-1583847268964-b28dc8f51f92?auto=format&fit=crop&fm=jpg&ixlib=rb-4.1.0&q=80&w=1800","https://unsplash.com/s/photos/apartment-living-room","llv-mir-cleanmax-t01|llv-light-chefman-cm613b|llv-tile-viglacera-gloss-living|llv-acc-duraqua-s6609|llv-acc-bancoot-xf552","[{""id"": ""hs-light"", ""productId"": ""llv-light-chefman-cm613b"", ""label"": ""Đèn"", ""x"": 55, ""y"": 20, ""category"": ""Đèn""}, {""id"": ""hs-tile"", ""productId"": ""llv-tile-viglacera-gloss-living"", ""label"": ""Bề mặt"", ""x"": 45, ""y"": 72, ""category"": ""Gạch ốp""}, {""id"": ""hs-mirror"", ""productId"": ""llv-mir-cleanmax-t01"", ""label"": ""Gương"", ""x"": 30, ""y"": 38, ""category"": ""Gương""}, {""id"": ""hs-accessory"", ""productId"": ""llv-acc-duraqua-s6609"", ""label"": ""Phụ kiện"", ""x"": 70, ""y"": 55, ""category"": ""Phụ kiện""}]","Căn hộ đô thị|Nhà cho thuê|Homestay|Gia đình trẻ","Khó chọn vật liệu/phụ kiện đồng bộ|Thiếu hình dung tổng thể khi xem từng món|Cần một cấu hình tham khảo trước khi hỏi giá","Gợi ý phối vật liệu và phụ kiện theo concept|Dễ mở rộng báo giá cho nhiều không gian|Giữ đồng bộ phong cách căn hộ","Phòng khách|Boutique|30-60 triệu|12-20m²","Ảnh concept lấy từ nguồn ảnh nội thất miễn phí/được phép dùng cho tham khảo thiết kế; sản phẩm trong concept được liên kết với catalogue LivLab để phục vụ luồng báo giá."
"llc-029","studio-cho-thue-25m","Studio cho thuê 25m²","Studio","Compact","30-60 triệu","20-28m²","35000000","85000000","Gợi ý không gian studio đa năng, cân bằng nghỉ ngơi, làm việc và tiếp khách.","Gợi ý không gian studio đa năng, cân bằng nghỉ ngơi, làm việc và tiếp khách. LivLab gợi ý các nhóm sản phẩm chính để người dùng có thể xem concept, chọn sản phẩm phù hợp và gửi yêu cầu báo giá theo nhu cầu thực tế.","https://images.unsplash.com/photo-1741927378831-e51b54d27a02?auto=format&fit=crop&fm=jpg&ixlib=rb-4.1.0&q=80&w=1800","Studio cho thuê 25m²","TRUE","https://images.unsplash.com/photo-1741927378831-e51b54d27a02?auto=format&fit=crop&fm=jpg&ixlib=rb-4.1.0&q=80&w=1800","https://unsplash.com/photos/a-modern-apartment-with-city-views-PqyFFUsJD10","llv-mir-cleanmax-t01|llv-light-chefman-cm613b|llv-tile-viglacera-gloss-living|llv-acc-duraqua-s6609|llv-acc-bancoot-xf552","[{""id"": ""hs-light"", ""productId"": ""llv-light-chefman-cm613b"", ""label"": ""Đèn"", ""x"": 55, ""y"": 20, ""category"": ""Đèn""}, {""id"": ""hs-tile"", ""productId"": ""llv-tile-viglacera-gloss-living"", ""label"": ""Bề mặt"", ""x"": 45, ""y"": 72, ""category"": ""Gạch ốp""}, {""id"": ""hs-mirror"", ""productId"": ""llv-mir-cleanmax-t01"", ""label"": ""Gương"", ""x"": 30, ""y"": 38, ""category"": ""Gương""}, {""id"": ""hs-accessory"", ""productId"": ""llv-acc-duraqua-s6609"", ""label"": ""Phụ kiện"", ""x"": 70, ""y"": 55, ""category"": ""Phụ kiện""}]","Căn hộ đô thị|Nhà cho thuê|Homestay|Gia đình trẻ","Khó chọn vật liệu/phụ kiện đồng bộ|Thiếu hình dung tổng thể khi xem từng món|Cần một cấu hình tham khảo trước khi hỏi giá","Gợi ý phối vật liệu và phụ kiện theo concept|Dễ mở rộng báo giá cho nhiều không gian|Giữ đồng bộ phong cách căn hộ","Studio|Compact|30-60 triệu|20-28m²","Ảnh concept lấy từ nguồn ảnh nội thất miễn phí/được phép dùng cho tham khảo thiết kế; sản phẩm trong concept được liên kết với catalogue LivLab để phục vụ luồng báo giá."
"llc-030","studio-japandi-tiet-kiem","Studio Japandi tiết kiệm","Studio","Japandi","Dưới 30 triệu","20-25m²","22000000","50000000","Tối giản nội thất và màu sáng để studio nhỏ trông rộng hơn.","Tối giản nội thất và màu sáng để studio nhỏ trông rộng hơn. LivLab gợi ý các nhóm sản phẩm chính để người dùng có thể xem concept, chọn sản phẩm phù hợp và gửi yêu cầu báo giá theo nhu cầu thực tế.","https://images.unsplash.com/photo-1741927378831-e51b54d27a02?auto=format&fit=crop&fm=jpg&ixlib=rb-4.1.0&q=80&w=1800","Studio Japandi tiết kiệm","TRUE","https://images.unsplash.com/photo-1741927378831-e51b54d27a02?auto=format&fit=crop&fm=jpg&ixlib=rb-4.1.0&q=80&w=1800","https://unsplash.com/photos/a-modern-apartment-with-city-views-PqyFFUsJD10","llv-mir-cleanmax-t01|llv-light-chefman-cm613b|llv-tile-viglacera-gloss-living|llv-acc-duraqua-s6609|llv-acc-bancoot-xf552","[{""id"": ""hs-light"", ""productId"": ""llv-light-chefman-cm613b"", ""label"": ""Đèn"", ""x"": 55, ""y"": 20, ""category"": ""Đèn""}, {""id"": ""hs-tile"", ""productId"": ""llv-tile-viglacera-gloss-living"", ""label"": ""Bề mặt"", ""x"": 45, ""y"": 72, ""category"": ""Gạch ốp""}, {""id"": ""hs-mirror"", ""productId"": ""llv-mir-cleanmax-t01"", ""label"": ""Gương"", ""x"": 30, ""y"": 38, ""category"": ""Gương""}, {""id"": ""hs-accessory"", ""productId"": ""llv-acc-duraqua-s6609"", ""label"": ""Phụ kiện"", ""x"": 70, ""y"": 55, ""category"": ""Phụ kiện""}]","Căn hộ đô thị|Nhà cho thuê|Homestay|Gia đình trẻ","Khó chọn vật liệu/phụ kiện đồng bộ|Thiếu hình dung tổng thể khi xem từng món|Cần một cấu hình tham khảo trước khi hỏi giá","Gợi ý phối vật liệu và phụ kiện theo concept|Dễ mở rộng báo giá cho nhiều không gian|Giữ đồng bộ phong cách căn hộ","Studio|Japandi|Dưới 30 triệu|20-25m²","Ảnh concept lấy từ nguồn ảnh nội thất miễn phí/được phép dùng cho tham khảo thiết kế; sản phẩm trong concept được liên kết với catalogue LivLab để phục vụ luồng báo giá."
"llc-031","homestay-mini-phong-cach-khach-san","Homestay mini phong cách khách sạn","Homestay","Hotel","Trên 60 triệu","25-35m²","70000000","150000000","Tăng cảm giác cao cấp cho căn hộ dịch vụ/homestay mini.","Tăng cảm giác cao cấp cho căn hộ dịch vụ/homestay mini. LivLab gợi ý các nhóm sản phẩm chính để người dùng có thể xem concept, chọn sản phẩm phù hợp và gửi yêu cầu báo giá theo nhu cầu thực tế.","https://images.unsplash.com/photo-1741927378831-e51b54d27a02?auto=format&fit=crop&fm=jpg&ixlib=rb-4.1.0&q=80&w=1800","Homestay mini phong cách khách sạn","TRUE","https://images.unsplash.com/photo-1741927378831-e51b54d27a02?auto=format&fit=crop&fm=jpg&ixlib=rb-4.1.0&q=80&w=1800","https://unsplash.com/photos/a-modern-apartment-with-city-views-PqyFFUsJD10","llv-mir-cleanmax-t01|llv-light-chefman-cm613b|llv-tile-viglacera-gloss-living|llv-acc-duraqua-s6609|llv-acc-bancoot-xf552","[{""id"": ""hs-light"", ""productId"": ""llv-light-chefman-cm613b"", ""label"": ""Đèn"", ""x"": 55, ""y"": 20, ""category"": ""Đèn""}, {""id"": ""hs-tile"", ""productId"": ""llv-tile-viglacera-gloss-living"", ""label"": ""Bề mặt"", ""x"": 45, ""y"": 72, ""category"": ""Gạch ốp""}, {""id"": ""hs-mirror"", ""productId"": ""llv-mir-cleanmax-t01"", ""label"": ""Gương"", ""x"": 30, ""y"": 38, ""category"": ""Gương""}, {""id"": ""hs-accessory"", ""productId"": ""llv-acc-duraqua-s6609"", ""label"": ""Phụ kiện"", ""x"": 70, ""y"": 55, ""category"": ""Phụ kiện""}]","Căn hộ đô thị|Nhà cho thuê|Homestay|Gia đình trẻ","Khó chọn vật liệu/phụ kiện đồng bộ|Thiếu hình dung tổng thể khi xem từng món|Cần một cấu hình tham khảo trước khi hỏi giá","Gợi ý phối vật liệu và phụ kiện theo concept|Dễ mở rộng báo giá cho nhiều không gian|Giữ đồng bộ phong cách căn hộ","Homestay|Hotel|Trên 60 triệu|25-35m²","Ảnh concept lấy từ nguồn ảnh nội thất miễn phí/được phép dùng cho tham khảo thiết kế; sản phẩm trong concept được liên kết với catalogue LivLab để phục vụ luồng báo giá."
"llc-032","can-ho-dich-vu-de-bao-tri","Căn hộ dịch vụ dễ bảo trì","Studio","Practical","30-60 triệu","25-35m²","45000000","100000000","Tập trung vào vật liệu bền, dễ vệ sinh và dễ thay thế.","Tập trung vào vật liệu bền, dễ vệ sinh và dễ thay thế. LivLab gợi ý các nhóm sản phẩm chính để người dùng có thể xem concept, chọn sản phẩm phù hợp và gửi yêu cầu báo giá theo nhu cầu thực tế.","https://images.unsplash.com/photo-1741927378831-e51b54d27a02?auto=format&fit=crop&fm=jpg&ixlib=rb-4.1.0&q=80&w=1800","Căn hộ dịch vụ dễ bảo trì","TRUE","https://images.unsplash.com/photo-1741927378831-e51b54d27a02?auto=format&fit=crop&fm=jpg&ixlib=rb-4.1.0&q=80&w=1800","https://unsplash.com/photos/a-modern-apartment-with-city-views-PqyFFUsJD10","llv-mir-cleanmax-t01|llv-light-chefman-cm613b|llv-tile-viglacera-gloss-living|llv-acc-duraqua-s6609|llv-acc-bancoot-xf552","[{""id"": ""hs-light"", ""productId"": ""llv-light-chefman-cm613b"", ""label"": ""Đèn"", ""x"": 55, ""y"": 20, ""category"": ""Đèn""}, {""id"": ""hs-tile"", ""productId"": ""llv-tile-viglacera-gloss-living"", ""label"": ""Bề mặt"", ""x"": 45, ""y"": 72, ""category"": ""Gạch ốp""}, {""id"": ""hs-mirror"", ""productId"": ""llv-mir-cleanmax-t01"", ""label"": ""Gương"", ""x"": 30, ""y"": 38, ""category"": ""Gương""}, {""id"": ""hs-accessory"", ""productId"": ""llv-acc-duraqua-s6609"", ""label"": ""Phụ kiện"", ""x"": 70, ""y"": 55, ""category"": ""Phụ kiện""}]","Căn hộ đô thị|Nhà cho thuê|Homestay|Gia đình trẻ","Khó chọn vật liệu/phụ kiện đồng bộ|Thiếu hình dung tổng thể khi xem từng món|Cần một cấu hình tham khảo trước khi hỏi giá","Gợi ý phối vật liệu và phụ kiện theo concept|Dễ mở rộng báo giá cho nhiều không gian|Giữ đồng bộ phong cách căn hộ","Studio|Practical|30-60 triệu|25-35m²","Ảnh concept lấy từ nguồn ảnh nội thất miễn phí/được phép dùng cho tham khảo thiết kế; sản phẩm trong concept được liên kết với catalogue LivLab để phục vụ luồng báo giá."
"llc-033","goc-laundry-can-ho","Góc laundry căn hộ","Góc chức năng","Compact","Dưới 30 triệu","2-4m²","8000000","25000000","Góc giặt gọn, tối ưu phụ kiện và chống ẩm trong căn hộ.","Góc giặt gọn, tối ưu phụ kiện và chống ẩm trong căn hộ. LivLab gợi ý các nhóm sản phẩm chính để người dùng có thể xem concept, chọn sản phẩm phù hợp và gửi yêu cầu báo giá theo nhu cầu thực tế.","https://images.unsplash.com/photo-1612320648993-61c1cd604b71?auto=format&fit=crop&fm=jpg&ixlib=rb-4.1.0&q=80&w=1800","Góc laundry căn hộ","TRUE","https://images.unsplash.com/photo-1612320648993-61c1cd604b71?auto=format&fit=crop&fm=jpg&ixlib=rb-4.1.0&q=80&w=1800","https://unsplash.com/photos/white-ceramic-sink-near-brown-wooden-table-9vvp_nuVaJk","llv-mir-cleanmax-t01|llv-light-chefman-cm613b|llv-tile-viglacera-gloss-living|llv-acc-duraqua-s6609|llv-acc-bancoot-xf552","[{""id"": ""hs-light"", ""productId"": ""llv-light-chefman-cm613b"", ""label"": ""Đèn"", ""x"": 55, ""y"": 20, ""category"": ""Đèn""}, {""id"": ""hs-tile"", ""productId"": ""llv-tile-viglacera-gloss-living"", ""label"": ""Bề mặt"", ""x"": 45, ""y"": 72, ""category"": ""Gạch ốp""}, {""id"": ""hs-mirror"", ""productId"": ""llv-mir-cleanmax-t01"", ""label"": ""Gương"", ""x"": 30, ""y"": 38, ""category"": ""Gương""}, {""id"": ""hs-accessory"", ""productId"": ""llv-acc-duraqua-s6609"", ""label"": ""Phụ kiện"", ""x"": 70, ""y"": 55, ""category"": ""Phụ kiện""}]","Căn hộ đô thị|Nhà cho thuê|Homestay|Gia đình trẻ","Khó chọn vật liệu/phụ kiện đồng bộ|Thiếu hình dung tổng thể khi xem từng món|Cần một cấu hình tham khảo trước khi hỏi giá","Gợi ý phối vật liệu và phụ kiện theo concept|Dễ mở rộng báo giá cho nhiều không gian|Giữ đồng bộ phong cách căn hộ","Góc chức năng|Compact|Dưới 30 triệu|2-4m²","Ảnh concept lấy từ nguồn ảnh nội thất miễn phí/được phép dùng cho tham khảo thiết kế; sản phẩm trong concept được liên kết với catalogue LivLab để phục vụ luồng báo giá."
"llc-034","vanity-corner-phong-ngu","Vanity corner phòng ngủ","Góc chức năng","Warm Neutral","Dưới 30 triệu","2-5m²","10000000","28000000","Góc trang điểm/gương sáng đẹp, phù hợp phòng ngủ hoặc studio.","Góc trang điểm/gương sáng đẹp, phù hợp phòng ngủ hoặc studio. LivLab gợi ý các nhóm sản phẩm chính để người dùng có thể xem concept, chọn sản phẩm phù hợp và gửi yêu cầu báo giá theo nhu cầu thực tế.","https://images.unsplash.com/photo-1583847268964-b28dc8f51f92?auto=format&fit=crop&fm=jpg&ixlib=rb-4.1.0&q=80&w=1800","Vanity corner phòng ngủ","TRUE","https://images.unsplash.com/photo-1583847268964-b28dc8f51f92?auto=format&fit=crop&fm=jpg&ixlib=rb-4.1.0&q=80&w=1800","https://unsplash.com/s/photos/apartment-living-room","llv-mir-cleanmax-t01|llv-light-chefman-cm613b|llv-tile-viglacera-gloss-living|llv-acc-duraqua-s6609|llv-acc-bancoot-xf552","[{""id"": ""hs-light"", ""productId"": ""llv-light-chefman-cm613b"", ""label"": ""Đèn"", ""x"": 55, ""y"": 20, ""category"": ""Đèn""}, {""id"": ""hs-tile"", ""productId"": ""llv-tile-viglacera-gloss-living"", ""label"": ""Bề mặt"", ""x"": 45, ""y"": 72, ""category"": ""Gạch ốp""}, {""id"": ""hs-mirror"", ""productId"": ""llv-mir-cleanmax-t01"", ""label"": ""Gương"", ""x"": 30, ""y"": 38, ""category"": ""Gương""}, {""id"": ""hs-accessory"", ""productId"": ""llv-acc-duraqua-s6609"", ""label"": ""Phụ kiện"", ""x"": 70, ""y"": 55, ""category"": ""Phụ kiện""}]","Căn hộ đô thị|Nhà cho thuê|Homestay|Gia đình trẻ","Khó chọn vật liệu/phụ kiện đồng bộ|Thiếu hình dung tổng thể khi xem từng món|Cần một cấu hình tham khảo trước khi hỏi giá","Gợi ý phối vật liệu và phụ kiện theo concept|Dễ mở rộng báo giá cho nhiều không gian|Giữ đồng bộ phong cách căn hộ","Góc chức năng|Warm Neutral|Dưới 30 triệu|2-5m²","Ảnh concept lấy từ nguồn ảnh nội thất miễn phí/được phép dùng cho tham khảo thiết kế; sản phẩm trong concept được liên kết với catalogue LivLab để phục vụ luồng báo giá."
