id,name,category,brand,sku,priceMin,priceMax,priceRange,material,finish,size,image,imageVerified,availability,status,style,description,popularity,showroomName,showroomLocation,showroomContact,sellerType,sourceUrl,priceSource,isVerifiedSource,sourceNote
p_lavabo_001,Chậu rửa bán âm INAX L-333V,Lavabo,INAX,L-333V,2245000,2245000,2.245.000đ,Sứ ceramic,Trắng bóng,Theo model,/images/products/placeholder-sanitary.png,FALSE,Cần xác nhận tồn kho,Đặt trước,Minimal,"Chậu rửa/lavabo phù hợp concept phòng tắm căn hộ và showroom. Giá là tham khảo, cần xác nhận tồn kho trước khi báo giá.",91,Hải Linh Showroom,"Hà Đông, Hà Nội",024 3858 6655,Đại lý phân phối,https://www.inax.com.vn/vi/news/gia-bon-rua-mat/,Nguồn giá/model từ website hãng hoặc trang giá tham khảo,TRUE,"Model/giá có nguồn tham khảo; ảnh đang dùng placeholder, cần thay bằng ảnh chính hãng trước khi dùng thương mại."
p_lavabo_002,Chậu rửa bán âm INAX AL-345V,Lavabo,INAX,AL-345V,2310000,2310000,2.310.000đ,Sứ ceramic,Trắng bóng,Theo model,/images/products/placeholder-sanitary.png,FALSE,Cần xác nhận tồn kho,Đặt trước,Minimal,"Chậu rửa/lavabo phù hợp concept phòng tắm căn hộ và showroom. Giá là tham khảo, cần xác nhận tồn kho trước khi báo giá.",55,HITA Home,TP. Hồ Chí Minh,028 8888 6688,Đại lý phân phối,https://www.inax.com.vn/vi/news/gia-bon-rua-mat/,Nguồn giá/model từ website hãng hoặc trang giá tham khảo,TRUE,"Model/giá có nguồn tham khảo; ảnh đang dùng placeholder, cần thay bằng ảnh chính hãng trước khi dùng thương mại."
p_lavabo_003,Chậu rửa bán âm INAX AL-333V,Lavabo,INAX,AL-333V,2549000,2549000,2.549.000đ,Sứ ceramic,Trắng bóng,Theo model,/images/products/placeholder-sanitary.png,FALSE,Cần xác nhận tồn kho,Đặt trước,Minimal,"Chậu rửa/lavabo phù hợp concept phòng tắm căn hộ và showroom. Giá là tham khảo, cần xác nhận tồn kho trước khi báo giá.",62,Hải Linh Showroom,"Hà Đông, Hà Nội",024 3858 6655,Đại lý phân phối,https://www.inax.com.vn/vi/news/gia-bon-rua-mat/,Nguồn giá/model từ website hãng hoặc trang giá tham khảo,TRUE,"Model/giá có nguồn tham khảo; ảnh đang dùng placeholder, cần thay bằng ảnh chính hãng trước khi dùng thương mại."
p_lavabo_004,Chậu rửa bán âm INAX L-345V,Lavabo,INAX,L-345V,2930000,2930000,2.930.000đ,Sứ ceramic,Trắng bóng,Theo model,/images/products/placeholder-sanitary.png,FALSE,Cần xác nhận tồn kho,Đặt trước,Minimal,"Chậu rửa/lavabo phù hợp concept phòng tắm căn hộ và showroom. Giá là tham khảo, cần xác nhận tồn kho trước khi báo giá.",95,LivLab Partner Showroom,"Mỹ Đình, Hà Nội",024 0000 0000,Showroom đối tác,https://www.inax.com.vn/vi/news/gia-bon-rua-mat/,Nguồn giá/model từ website hãng hoặc trang giá tham khảo,TRUE,"Model/giá có nguồn tham khảo; ảnh đang dùng placeholder, cần thay bằng ảnh chính hãng trước khi dùng thương mại."
p_lavabo_005,Chậu rửa âm bàn INAX L-2293V,Lavabo,INAX,L-2293V,1400000,1700000,1.400.000đ – 1.700.000đ,Sứ ceramic,Trắng bóng,Theo model,/images/products/placeholder-sanitary.png,FALSE,Cần xác nhận tồn kho,Đặt trước,Minimal,"Chậu rửa/lavabo phù hợp concept phòng tắm căn hộ và showroom. Giá là tham khảo, cần xác nhận tồn kho trước khi báo giá.",64,Hải Linh Showroom,"Hà Đông, Hà Nội",024 3858 6655,Đại lý phân phối,https://www.inax.com.vn/vi/news/lavabo-am-ban/,Nguồn giá/model từ website hãng hoặc trang giá tham khảo,TRUE,"Model/giá có nguồn tham khảo; ảnh đang dùng placeholder, cần thay bằng ảnh chính hãng trước khi dùng thương mại."
p_lavabo_006,Chậu rửa âm bàn INAX L-2216V,Lavabo,INAX,L-2216V,1400000,1800000,1.400.000đ – 1.800.000đ,Sứ ceramic,Trắng bóng,Theo model,/images/products/placeholder-sanitary.png,FALSE,Cần xác nhận tồn kho,Đặt trước,Minimal,"Chậu rửa/lavabo phù hợp concept phòng tắm căn hộ và showroom. Giá là tham khảo, cần xác nhận tồn kho trước khi báo giá.",69,Interior Material Hub,"Long Biên, Hà Nội",024 2222 6699,Showroom đối tác,https://www.inax.com.vn/vi/news/lavabo-am-ban/,Nguồn giá/model từ website hãng hoặc trang giá tham khảo,TRUE,"Model/giá có nguồn tham khảo; ảnh đang dùng placeholder, cần thay bằng ảnh chính hãng trước khi dùng thương mại."
p_lavabo_007,Chậu rửa âm bàn INAX AL-2293V,Lavabo,INAX,AL-2293V,1700000,2100000,1.700.000đ – 2.100.000đ,Sứ ceramic,Trắng bóng,Theo model,/images/products/placeholder-sanitary.png,FALSE,Cần xác nhận tồn kho,Đặt trước,Minimal,"Chậu rửa/lavabo phù hợp concept phòng tắm căn hộ và showroom. Giá là tham khảo, cần xác nhận tồn kho trước khi báo giá.",80,HITA Home,TP. Hồ Chí Minh,028 8888 6688,Đại lý phân phối,https://www.inax.com.vn/vi/news/lavabo-am-ban/,Nguồn giá/model từ website hãng hoặc trang giá tham khảo,TRUE,"Model/giá có nguồn tham khảo; ảnh đang dùng placeholder, cần thay bằng ảnh chính hãng trước khi dùng thương mại."
p_lavabo_008,Chậu rửa âm bàn INAX AL-2216V,Lavabo,INAX,AL-2216V,1700000,2200000,1.700.000đ – 2.200.000đ,Sứ ceramic,Trắng bóng,Theo model,/images/products/placeholder-sanitary.png,FALSE,Cần xác nhận tồn kho,Đặt trước,Minimal,"Chậu rửa/lavabo phù hợp concept phòng tắm căn hộ và showroom. Giá là tham khảo, cần xác nhận tồn kho trước khi báo giá.",62,HomeBath Studio,"Đống Đa, Hà Nội",024 7777 1122,Showroom đối tác,https://www.inax.com.vn/vi/news/lavabo-am-ban/,Nguồn giá/model từ website hãng hoặc trang giá tham khảo,TRUE,"Model/giá có nguồn tham khảo; ảnh đang dùng placeholder, cần thay bằng ảnh chính hãng trước khi dùng thương mại."
p_lavabo_009,Lavabo treo Caesar LF5263 + PF2463,Lavabo,Caesar,LF5263 + PF2463,2570000,2570000,2.570.000đ,Sứ ceramic,Trắng bóng,Theo model,/images/products/placeholder-sanitary.png,FALSE,Cần xác nhận tồn kho,Đặt trước,Minimal,"Chậu rửa/lavabo phù hợp concept phòng tắm căn hộ và showroom. Giá là tham khảo, cần xác nhận tồn kho trước khi báo giá.",69,Hải Linh Showroom,"Hà Đông, Hà Nội",024 3858 6655,Đại lý phân phối,https://caesar.com.vn/vi/san-pham/loai/25/lavabo-treo-tuong,Nguồn giá/model từ website hãng hoặc trang giá tham khảo,TRUE,"Model/giá có nguồn tham khảo; ảnh đang dùng placeholder, cần thay bằng ảnh chính hãng trước khi dùng thương mại."
p_lavabo_010,Lavabo treo Caesar L2150 + P2443,Lavabo,Caesar,L2150 + P2443,1480000,1480000,1.480.000đ,Sứ ceramic,Trắng bóng,Theo model,/images/products/placeholder-sanitary.png,FALSE,Cần xác nhận tồn kho,Đặt trước,Minimal,"Chậu rửa/lavabo phù hợp concept phòng tắm căn hộ và showroom. Giá là tham khảo, cần xác nhận tồn kho trước khi báo giá.",55,LivLab Partner Showroom,"Mỹ Đình, Hà Nội",024 0000 0000,Showroom đối tác,https://caesar.com.vn/vi/san-pham/loai/25/lavabo-treo-tuong,Nguồn giá/model từ website hãng hoặc trang giá tham khảo,TRUE,"Model/giá có nguồn tham khảo; ảnh đang dùng placeholder, cần thay bằng ảnh chính hãng trước khi dùng thương mại."
p_lavabo_011,Lavabo treo Caesar LF5372,Lavabo,Caesar,LF5372,4590000,4590000,4.590.000đ,Sứ ceramic,Trắng bóng,Theo model,/images/products/placeholder-sanitary.png,FALSE,Cần xác nhận tồn kho,Đặt trước,Minimal,"Chậu rửa/lavabo phù hợp concept phòng tắm căn hộ và showroom. Giá là tham khảo, cần xác nhận tồn kho trước khi báo giá.",88,HITA Home,TP. Hồ Chí Minh,028 8888 6688,Đại lý phân phối,https://caesar.com.vn/vi/san-pham/loai/25/lavabo-treo-tuong,Nguồn giá/model từ website hãng hoặc trang giá tham khảo,TRUE,"Model/giá có nguồn tham khảo; ảnh đang dùng placeholder, cần thay bằng ảnh chính hãng trước khi dùng thương mại."
p_lavabo_012,Lavabo treo Caesar LF5374,Lavabo,Caesar,LF5374,4590000,4590000,4.590.000đ,Sứ ceramic,Trắng bóng,Theo model,/images/products/placeholder-sanitary.png,FALSE,Cần xác nhận tồn kho,Đặt trước,Minimal,"Chậu rửa/lavabo phù hợp concept phòng tắm căn hộ và showroom. Giá là tham khảo, cần xác nhận tồn kho trước khi báo giá.",57,LivLab Partner Showroom,"Mỹ Đình, Hà Nội",024 0000 0000,Showroom đối tác,https://caesar.com.vn/vi/san-pham/loai/25/lavabo-treo-tuong,Nguồn giá/model từ website hãng hoặc trang giá tham khảo,TRUE,"Model/giá có nguồn tham khảo; ảnh đang dùng placeholder, cần thay bằng ảnh chính hãng trước khi dùng thương mại."
p_lavabo_013,Lavabo treo/đặt bàn Caesar LF5384,Lavabo,Caesar,LF5384,6426000,6566000,6.426.000đ – 6.566.000đ,Sứ ceramic,Trắng bóng,Theo model,/images/products/placeholder-sanitary.png,FALSE,Cần xác nhận tồn kho,Đặt trước,Minimal,"Chậu rửa/lavabo phù hợp concept phòng tắm căn hộ và showroom. Giá là tham khảo, cần xác nhận tồn kho trước khi báo giá.",56,Interior Material Hub,"Long Biên, Hà Nội",024 2222 6699,Showroom đối tác,https://caesar.com.vn/Th/san-pham/chi-tiet/2697/lavabo-treo-tuong-lavabo-dat-tren-ban-lf5384,Nguồn giá/model từ website hãng hoặc trang giá tham khảo,TRUE,"Model/giá có nguồn tham khảo; ảnh đang dùng placeholder, cần thay bằng ảnh chính hãng trước khi dùng thương mại."
p_lavabo_014,Chậu rửa mặt TOTO đặt bàn dòng phổ thông,Lavabo,TOTO,TOTO-LAVABO-SAMPLE-001,667000,38870000,667.000đ – 38.870.000đ,Sứ ceramic,Trắng bóng,Theo model,/images/products/placeholder-sanitary.png,FALSE,Cần xác nhận tồn kho,Đặt trước,Minimal,"Chậu rửa/lavabo phù hợp concept phòng tắm căn hộ và showroom. Giá là tham khảo, cần xác nhận tồn kho trước khi báo giá.",75,Hải Linh Showroom,"Hà Đông, Hà Nội",024 3858 6655,Đại lý phân phối,https://vn.toto.com/gia-thiet-bi-ve-sinh-toto/,Nguồn giá/model từ website hãng hoặc trang giá tham khảo,FALSE,"Dữ liệu mẫu phục vụ demo; cần xác minh thủ công model, ảnh và giá trước khi dùng cho báo giá thật."
p_lavabo_015,Chậu rửa mặt TOTO đá cẩm thạch GALALATO tham khảo,Lavabo,TOTO,TOTO-GALALATO-SAMPLE,12000000,38870000,12.000.000đ – 38.870.000đ,Sứ ceramic,Trắng bóng,Theo model,/images/products/placeholder-sanitary.png,FALSE,Cần xác nhận tồn kho,Đặt trước,Minimal,"Chậu rửa/lavabo phù hợp concept phòng tắm căn hộ và showroom. Giá là tham khảo, cần xác nhận tồn kho trước khi báo giá.",80,LivLab Partner Showroom,"Mỹ Đình, Hà Nội",024 0000 0000,Showroom đối tác,https://vn.toto.com/gia-chau-rua-mat/,Nguồn giá/model từ website hãng hoặc trang giá tham khảo,FALSE,"Dữ liệu mẫu phục vụ demo; cần xác minh thủ công model, ảnh và giá trước khi dùng cho báo giá thật."
p_faucet_001,Vòi lavabo INAX nóng lạnh mẫu phổ thông,Vòi lavabo,INAX,INAX-FCT-SAMPLE-001,900000,1800000,900.000đ – 1.800.000đ,Đồng mạ chrome,Chrome,Theo model,/images/products/placeholder-sanitary.png,FALSE,Cần xác nhận tồn kho,Đặt trước,Minimal,Vòi lavabo dùng cho combo phòng tắm; thông số và giá cần xác nhận theo showroom trước khi chốt báo giá.,89,Modern Bath Gallery,"Nam Từ Liêm, Hà Nội",024 3333 8899,Showroom đối tác,https://www.inax.com.vn/vi/san-pham/bathroom-faucet/,Giá tham khảo cần xác minh,FALSE,"Dữ liệu mẫu phục vụ demo; cần xác minh thủ công model, ảnh và giá trước khi dùng cho báo giá thật."
p_faucet_002,Vòi lavabo INAX thân cao tham khảo,Vòi lavabo,INAX,INAX-FCT-SAMPLE-002,1800000,3500000,1.800.000đ – 3.500.000đ,Đồng mạ chrome,Chrome,Theo model,/images/products/placeholder-sanitary.png,FALSE,Cần xác nhận tồn kho,Đặt trước,Modern,Vòi lavabo dùng cho combo phòng tắm; thông số và giá cần xác nhận theo showroom trước khi chốt báo giá.,73,Interior Material Hub,"Long Biên, Hà Nội",024 2222 6699,Showroom đối tác,https://www.inax.com.vn/vi/san-pham/bathroom-faucet/,Giá tham khảo cần xác minh,FALSE,"Dữ liệu mẫu phục vụ demo; cần xác minh thủ công model, ảnh và giá trước khi dùng cho báo giá thật."
p_faucet_003,Vòi lavabo TOTO dòng phổ thông,Vòi lavabo,TOTO,TOTO-FCT-SAMPLE-001,972000,3500000,972.000đ – 3.500.000đ,Đồng mạ chrome,Chrome,Theo model,/images/products/placeholder-sanitary.png,FALSE,Cần xác nhận tồn kho,Đặt trước,Minimal,Vòi lavabo dùng cho combo phòng tắm; thông số và giá cần xác nhận theo showroom trước khi chốt báo giá.,66,HITA Home,TP. Hồ Chí Minh,028 8888 6688,Đại lý phân phối,https://vn.toto.com/gia-voi-chau-rua-mat/,Giá tham khảo cần xác minh,FALSE,"Dữ liệu mẫu phục vụ demo; cần xác minh thủ công model, ảnh và giá trước khi dùng cho báo giá thật."
p_faucet_004,Vòi lavabo TOTO cao cấp tham khảo,Vòi lavabo,TOTO,TOTO-FCT-SAMPLE-002,6500000,20000000,6.500.000đ – 20.000.000đ,Đồng mạ PVD,Nickel xước,Theo model,/images/products/placeholder-sanitary.png,FALSE,Cần xác nhận tồn kho,Đặt trước,Luxury,Vòi lavabo dùng cho combo phòng tắm; thông số và giá cần xác nhận theo showroom trước khi chốt báo giá.,81,LivLab Partner Showroom,"Mỹ Đình, Hà Nội",024 0000 0000,Showroom đối tác,https://vn.toto.com/gia-voi-chau-rua-mat/,Giá tham khảo cần xác minh,FALSE,"Dữ liệu mẫu phục vụ demo; cần xác minh thủ công model, ảnh và giá trước khi dùng cho báo giá thật."
p_faucet_005,Vòi lavabo Caesar chrome cơ bản,Vòi lavabo,Caesar,CAE-FCT-SAMPLE-001,750000,1900000,750.000đ – 1.900.000đ,Đồng mạ chrome,Chrome,Theo model,/images/products/placeholder-sanitary.png,FALSE,Cần xác nhận tồn kho,Đặt trước,Modern,Vòi lavabo dùng cho combo phòng tắm; thông số và giá cần xác nhận theo showroom trước khi chốt báo giá.,86,Modern Bath Gallery,"Nam Từ Liêm, Hà Nội",024 3333 8899,Showroom đối tác,https://caesar.com.vn/Vn/san-pham/loai/2/lavabo,Giá tham khảo cần xác minh,FALSE,"Dữ liệu mẫu phục vụ demo; cần xác minh thủ công model, ảnh và giá trước khi dùng cho báo giá thật."
p_faucet_006,Vòi lavabo Caesar đen mờ tham khảo,Vòi lavabo,Caesar,CAE-FCT-SAMPLE-002,1800000,3500000,1.800.000đ – 3.500.000đ,Đồng mạ sơn tĩnh điện,Đen mờ,Theo model,/images/products/placeholder-sanitary.png,FALSE,Cần xác nhận tồn kho,Đặt trước,Hotel,Vòi lavabo dùng cho combo phòng tắm; thông số và giá cần xác nhận theo showroom trước khi chốt báo giá.,83,HomeBath Studio,"Đống Đa, Hà Nội",024 7777 1122,Showroom đối tác,https://caesar.com.vn/Vn/san-pham/loai/2/lavabo,Giá tham khảo cần xác minh,FALSE,"Dữ liệu mẫu phục vụ demo; cần xác minh thủ công model, ảnh và giá trước khi dùng cho báo giá thật."
p_faucet_007,Vòi lavabo GROHE Eurosmart tham khảo,Vòi lavabo,Grohe,GROHE-EUROSMART-SAMPLE,2800000,5200000,2.800.000đ – 5.200.000đ,Đồng thau,Chrome,Theo model,/images/products/placeholder-sanitary.png,FALSE,Cần xác nhận tồn kho,Đặt trước,Modern,Vòi lavabo dùng cho combo phòng tắm; thông số và giá cần xác nhận theo showroom trước khi chốt báo giá.,68,Hải Linh Showroom,"Hà Đông, Hà Nội",024 3858 6655,Đại lý phân phối,https://www.grohe.vn/,Giá tham khảo cần xác minh,FALSE,"Dữ liệu mẫu phục vụ demo; cần xác minh thủ công model, ảnh và giá trước khi dùng cho báo giá thật."
p_faucet_008,Vòi lavabo GROHE Essence tham khảo,Vòi lavabo,Grohe,GROHE-ESSENCE-SAMPLE,6500000,11000000,6.500.000đ – 11.000.000đ,Đồng thau,Brushed Nickel,Theo model,/images/products/placeholder-sanitary.png,FALSE,Cần xác nhận tồn kho,Đặt trước,Luxury,Vòi lavabo dùng cho combo phòng tắm; thông số và giá cần xác nhận theo showroom trước khi chốt báo giá.,93,Interior Material Hub,"Long Biên, Hà Nội",024 2222 6699,Showroom đối tác,https://www.grohe.vn/,Giá tham khảo cần xác minh,FALSE,"Dữ liệu mẫu phục vụ demo; cần xác minh thủ công model, ảnh và giá trước khi dùng cho báo giá thật."
p_faucet_009,Vòi lavabo Hafele chrome tham khảo,Vòi lavabo,Hafele,HAFELE-FCT-SAMPLE-001,1800000,4500000,1.800.000đ – 4.500.000đ,Đồng mạ chrome,Chrome,Theo model,/images/products/placeholder-sanitary.png,FALSE,Cần xác nhận tồn kho,Đặt trước,Modern,Vòi lavabo dùng cho combo phòng tắm; thông số và giá cần xác nhận theo showroom trước khi chốt báo giá.,84,HomeBath Studio,"Đống Đa, Hà Nội",024 7777 1122,Showroom đối tác,https://hafelehome.com.vn/blogs/tin-tuc/showroom-hafele-nguyen-van-troi-tphcm,Giá tham khảo cần xác minh,FALSE,"Dữ liệu mẫu phục vụ demo; cần xác minh thủ công model, ảnh và giá trước khi dùng cho báo giá thật."
p_faucet_010,Vòi lavabo Hafele đen mờ tham khảo,Vòi lavabo,Hafele,HAFELE-FCT-SAMPLE-002,2800000,6500000,2.800.000đ – 6.500.000đ,Đồng mạ sơn tĩnh điện,Đen mờ,Theo model,/images/products/placeholder-sanitary.png,FALSE,Cần xác nhận tồn kho,Đặt trước,Hotel,Vòi lavabo dùng cho combo phòng tắm; thông số và giá cần xác nhận theo showroom trước khi chốt báo giá.,90,Hải Linh Showroom,"Hà Đông, Hà Nội",024 3858 6655,Đại lý phân phối,https://hafelehome.com.vn/blogs/tin-tuc/showroom-hafele-nguyen-van-troi-tphcm,Giá tham khảo cần xác minh,FALSE,"Dữ liệu mẫu phục vụ demo; cần xác minh thủ công model, ảnh và giá trước khi dùng cho báo giá thật."
p_faucet_011,Vòi lavabo COTTO cơ bản,Vòi lavabo,COTTO,COTTO-FCT-SAMPLE-001,900000,2400000,900.000đ – 2.400.000đ,Đồng mạ chrome,Chrome,Theo model,/images/products/placeholder-sanitary.png,FALSE,Cần xác nhận tồn kho,Đặt trước,Minimal,Vòi lavabo dùng cho combo phòng tắm; thông số và giá cần xác nhận theo showroom trước khi chốt báo giá.,87,Hải Linh Showroom,"Hà Đông, Hà Nội",024 3858 6655,Dữ liệu mẫu,,Giá tham khảo cần xác minh,FALSE,"Dữ liệu mẫu phục vụ demo; cần xác minh thủ công model, ảnh và giá trước khi dùng cho báo giá thật."
p_faucet_012,Vòi lavabo American Standard tham khảo,Vòi lavabo,American Standard,AS-FCT-SAMPLE-001,1500000,4200000,1.500.000đ – 4.200.000đ,Đồng mạ chrome,Chrome,Theo model,/images/products/placeholder-sanitary.png,FALSE,Cần xác nhận tồn kho,Đặt trước,Modern,Vòi lavabo dùng cho combo phòng tắm; thông số và giá cần xác nhận theo showroom trước khi chốt báo giá.,90,LivLab Partner Showroom,"Mỹ Đình, Hà Nội",024 0000 0000,Dữ liệu mẫu,,Giá tham khảo cần xác minh,FALSE,"Dữ liệu mẫu phục vụ demo; cần xác minh thủ công model, ảnh và giá trước khi dùng cho báo giá thật."
p_faucet_013,Vòi lavabo Viglacera tham khảo,Vòi lavabo,Viglacera,VGC-FCT-SAMPLE-001,600000,1700000,600.000đ – 1.700.000đ,Đồng mạ chrome,Chrome,Theo model,/images/products/placeholder-sanitary.png,FALSE,Cần xác nhận tồn kho,Đặt trước,Budget,Vòi lavabo dùng cho combo phòng tắm; thông số và giá cần xác nhận theo showroom trước khi chốt báo giá.,59,Interior Material Hub,"Long Biên, Hà Nội",024 2222 6699,Dữ liệu mẫu,,Giá tham khảo cần xác minh,FALSE,"Dữ liệu mẫu phục vụ demo; cần xác minh thủ công model, ảnh và giá trước khi dùng cho báo giá thật."
p_faucet_014,Vòi lavabo Local Showroom Warm Nickel,Vòi lavabo,Local Showroom,LOCAL-FCT-001,1200000,2800000,1.200.000đ – 2.800.000đ,Đồng thau,Nickel ấm,Theo model,/images/products/placeholder-sanitary.png,FALSE,Cần xác nhận tồn kho,Đặt trước,Warm Neutral,Vòi lavabo dùng cho combo phòng tắm; thông số và giá cần xác nhận theo showroom trước khi chốt báo giá.,56,HomeBath Studio,"Đống Đa, Hà Nội",024 7777 1122,Dữ liệu mẫu,,Giá tham khảo cần xác minh,FALSE,"Dữ liệu mẫu phục vụ demo; cần xác minh thủ công model, ảnh và giá trước khi dùng cho báo giá thật."
p_faucet_015,Vòi lavabo Local Showroom Slim Black,Vòi lavabo,Local Showroom,LOCAL-FCT-002,1500000,3200000,1.500.000đ – 3.200.000đ,Đồng thau,Đen mờ,Theo model,/images/products/placeholder-sanitary.png,FALSE,Cần xác nhận tồn kho,Đặt trước,Japandi,Vòi lavabo dùng cho combo phòng tắm; thông số và giá cần xác nhận theo showroom trước khi chốt báo giá.,78,LivLab Partner Showroom,"Mỹ Đình, Hà Nội",024 0000 0000,Dữ liệu mẫu,,Giá tham khảo cần xác minh,FALSE,"Dữ liệu mẫu phục vụ demo; cần xác minh thủ công model, ảnh và giá trước khi dùng cho báo giá thật."
p_mirror_001,Gương LED phòng tắm Hafele bo tròn tham khảo,Gương,Hafele,HAFELE-MIRROR-SAMPLE-001,2500000,6500000,2.500.000đ – 6.500.000đ,Kính cường lực/tráng bạc,Viền nhôm / LED ấm,600–900 mm,/images/products/placeholder-sanitary.png,FALSE,Cần xác nhận tồn kho,Đặt trước,Hotel,Gương phòng tắm dùng trong concept; giá và model cần xác minh theo showroom/đại lý.,59,Interior Material Hub,"Long Biên, Hà Nội",024 2222 6699,Showroom đối tác,https://hafelehome.com.vn/blogs/tin-tuc/showroom-hafele-nguyen-van-troi-tphcm,Giá tham khảo cần xác minh,FALSE,"Dữ liệu mẫu phục vụ demo; cần xác minh thủ công model, ảnh và giá trước khi dùng cho báo giá thật."
p_mirror_002,Gương LED Hafele chữ nhật tham khảo,Gương,Hafele,HAFELE-MIRROR-SAMPLE-002,2800000,7500000,2.800.000đ – 7.500.000đ,Kính cường lực/tráng bạc,Viền nhôm đen,600–900 mm,/images/products/placeholder-sanitary.png,FALSE,Cần xác nhận tồn kho,Đặt trước,Modern,Gương phòng tắm dùng trong concept; giá và model cần xác minh theo showroom/đại lý.,72,Hải Linh Showroom,"Hà Đông, Hà Nội",024 3858 6655,Đại lý phân phối,https://hafelehome.com.vn/blogs/tin-tuc/showroom-hafele-nguyen-van-troi-tphcm,Giá tham khảo cần xác minh,FALSE,"Dữ liệu mẫu phục vụ demo; cần xác minh thủ công model, ảnh và giá trước khi dùng cho báo giá thật."
p_mirror_003,Gương LED Aura Round,Gương,Local Showroom,LOCAL-MIR-AURA-600,1800000,2800000,1.800.000đ – 2.800.000đ,Kính cường lực/tráng bạc,Viền bạc tự nhiên,600–900 mm,/images/products/placeholder-sanitary.png,FALSE,Cần xác nhận tồn kho,Đặt trước,Minimal,Gương phòng tắm dùng trong concept; giá và model cần xác minh theo showroom/đại lý.,82,HITA Home,TP. Hồ Chí Minh,028 8888 6688,Dữ liệu mẫu,,Giá tham khảo cần xác minh,FALSE,"Dữ liệu mẫu phục vụ demo; cần xác minh thủ công model, ảnh và giá trước khi dùng cho báo giá thật."
p_mirror_004,Gương LED Linea Rectangle,Gương,Local Showroom,LOCAL-MIR-LINEA-800,2200000,3600000,2.200.000đ – 3.600.000đ,Kính cường lực/tráng bạc,Viền đen mờ,600–900 mm,/images/products/placeholder-sanitary.png,FALSE,Cần xác nhận tồn kho,Đặt trước,Modern,Gương phòng tắm dùng trong concept; giá và model cần xác minh theo showroom/đại lý.,68,LivLab Partner Showroom,"Mỹ Đình, Hà Nội",024 0000 0000,Dữ liệu mẫu,,Giá tham khảo cần xác minh,FALSE,"Dữ liệu mẫu phục vụ demo; cần xác minh thủ công model, ảnh và giá trước khi dùng cho báo giá thật."
p_mirror_005,Gương LED chống mờ Euroking tham khảo,Gương,Euroking,EURO-MIR-SAMPLE-001,2900000,6200000,2.900.000đ – 6.200.000đ,Kính cường lực/tráng bạc,LED chống mờ,600–900 mm,/images/products/placeholder-sanitary.png,FALSE,Cần xác nhận tồn kho,Đặt trước,Luxury,Gương phòng tắm dùng trong concept; giá và model cần xác minh theo showroom/đại lý.,86,Interior Material Hub,"Long Biên, Hà Nội",024 2222 6699,Dữ liệu mẫu,,Giá tham khảo cần xác minh,FALSE,"Dữ liệu mẫu phục vụ demo; cần xác minh thủ công model, ảnh và giá trước khi dùng cho báo giá thật."
p_mirror_006,Gương LED phòng tắm Điện Quang tham khảo,Gương,Dien Quang,DQ-MIR-SAMPLE-001,1200000,3000000,1.200.000đ – 3.000.000đ,Kính cường lực/tráng bạc,LED trắng ấm,600–900 mm,/images/products/placeholder-sanitary.png,FALSE,Cần xác nhận tồn kho,Đặt trước,Budget,Gương phòng tắm dùng trong concept; giá và model cần xác minh theo showroom/đại lý.,74,Hải Linh Showroom,"Hà Đông, Hà Nội",024 3858 6655,Dữ liệu mẫu,,Giá tham khảo cần xác minh,FALSE,"Dữ liệu mẫu phục vụ demo; cần xác minh thủ công model, ảnh và giá trước khi dùng cho báo giá thật."
p_mirror_007,Gương LED phòng tắm Rạng Đông tham khảo,Gương,Rang Dong,RD-MIR-SAMPLE-001,900000,2500000,900.000đ – 2.500.000đ,Kính cường lực/tráng bạc,LED trung tính,600–900 mm,/images/products/placeholder-sanitary.png,FALSE,Cần xác nhận tồn kho,Đặt trước,Budget,Gương phòng tắm dùng trong concept; giá và model cần xác minh theo showroom/đại lý.,83,HITA Home,TP. Hồ Chí Minh,028 8888 6688,Dữ liệu mẫu,,Giá tham khảo cần xác minh,FALSE,"Dữ liệu mẫu phục vụ demo; cần xác minh thủ công model, ảnh và giá trước khi dùng cho báo giá thật."
p_mirror_008,Gương phòng tắm American Standard tham khảo,Gương,American Standard,AS-MIR-SAMPLE-001,1800000,4200000,1.800.000đ – 4.200.000đ,Kính cường lực/tráng bạc,Kính tráng bạc,600–900 mm,/images/products/placeholder-sanitary.png,FALSE,Cần xác nhận tồn kho,Đặt trước,Modern,Gương phòng tắm dùng trong concept; giá và model cần xác minh theo showroom/đại lý.,63,Modern Bath Gallery,"Nam Từ Liêm, Hà Nội",024 3333 8899,Dữ liệu mẫu,,Giá tham khảo cần xác minh,FALSE,"Dữ liệu mẫu phục vụ demo; cần xác minh thủ công model, ảnh và giá trước khi dùng cho báo giá thật."
p_mirror_009,Gương phòng tắm TOTO tham khảo,Gương,TOTO,TOTO-MIR-SAMPLE-001,1500000,4500000,1.500.000đ – 4.500.000đ,Kính cường lực/tráng bạc,Kính tráng bạc,600–900 mm,/images/products/placeholder-sanitary.png,FALSE,Cần xác nhận tồn kho,Đặt trước,Minimal,Gương phòng tắm dùng trong concept; giá và model cần xác minh theo showroom/đại lý.,80,TDM Tuấn Đức,"Cầu Giấy, Hà Nội",024 6666 8686,Đại lý phân phối,https://vn.toto.com/gia-thiet-bi-ve-sinh-toto/,Giá tham khảo cần xác minh,FALSE,"Dữ liệu mẫu phục vụ demo; cần xác minh thủ công model, ảnh và giá trước khi dùng cho báo giá thật."
p_mirror_010,Gương phòng tắm INAX tham khảo,Gương,INAX,INAX-MIR-SAMPLE-001,1200000,3800000,1.200.000đ – 3.800.000đ,Kính cường lực/tráng bạc,Kính tráng bạc,600–900 mm,/images/products/placeholder-sanitary.png,FALSE,Cần xác nhận tồn kho,Đặt trước,Minimal,Gương phòng tắm dùng trong concept; giá và model cần xác minh theo showroom/đại lý.,75,Hải Linh Showroom,"Hà Đông, Hà Nội",024 3858 6655,Đại lý phân phối,https://www.inax.com.vn/vi/san-pham/accessories/,Giá tham khảo cần xác minh,FALSE,"Dữ liệu mẫu phục vụ demo; cần xác minh thủ công model, ảnh và giá trước khi dùng cho báo giá thật."
p_shower_001,Cây sen tắm INAX BFV-CL2,Sen tắm,INAX,BFV-CL2,6825000,9100000,6.825.000đ – 9.100.000đ,Đồng mạ chrome,Chrome,Theo model,/images/products/placeholder-sanitary.png,FALSE,Cần xác nhận tồn kho,Đặt trước,Modern,Bộ sen tắm dùng cho concept phòng tắm; cần xác nhận cấu hình và tồn kho trước khi báo giá.,63,Modern Bath Gallery,"Nam Từ Liêm, Hà Nội",024 3333 8899,Showroom đối tác,https://www.inax.com.vn/vi/san-pham/accessories/,Nguồn giá/model từ website hãng hoặc giá tham khảo,TRUE,"Model/giá có nguồn tham khảo; ảnh đang dùng placeholder, cần thay bằng ảnh chính hãng trước khi dùng thương mại."
p_shower_002,Cây sen tắm INAX BFV-CL1,Sen tắm,INAX,BFV-CL1,4297000,5730000,4.297.000đ – 5.730.000đ,Đồng mạ chrome,Chrome,Theo model,/images/products/placeholder-sanitary.png,FALSE,Cần xác nhận tồn kho,Đặt trước,Modern,Bộ sen tắm dùng cho concept phòng tắm; cần xác nhận cấu hình và tồn kho trước khi báo giá.,74,HomeBath Studio,"Đống Đa, Hà Nội",024 7777 1122,Showroom đối tác,https://www.inax.com.vn/vi/san-pham/accessories/,Nguồn giá/model từ website hãng hoặc giá tham khảo,TRUE,"Model/giá có nguồn tham khảo; ảnh đang dùng placeholder, cần thay bằng ảnh chính hãng trước khi dùng thương mại."
p_shower_003,Sen tắm INAX cơ bản tham khảo,Sen tắm,INAX,INAX-SHW-SAMPLE-001,1200000,3000000,1.200.000đ – 3.000.000đ,Đồng mạ chrome,Chrome,Theo model,/images/products/placeholder-sanitary.png,FALSE,Cần xác nhận tồn kho,Đặt trước,Budget,Bộ sen tắm dùng cho concept phòng tắm; cần xác nhận cấu hình và tồn kho trước khi báo giá.,55,LivLab Partner Showroom,"Mỹ Đình, Hà Nội",024 0000 0000,Showroom đối tác,https://www.inax.com.vn/vi/san-pham/accessories/,Nguồn giá/model từ website hãng hoặc giá tham khảo,FALSE,"Dữ liệu mẫu phục vụ demo; cần xác minh thủ công model, ảnh và giá trước khi dùng cho báo giá thật."
p_shower_004,Sen cây TOTO phổ thông tham khảo,Sen tắm,TOTO,TOTO-SHW-SAMPLE-001,3500000,9500000,3.500.000đ – 9.500.000đ,Đồng mạ chrome,Chrome,Theo model,/images/products/placeholder-sanitary.png,FALSE,Cần xác nhận tồn kho,Đặt trước,Modern,Bộ sen tắm dùng cho concept phòng tắm; cần xác nhận cấu hình và tồn kho trước khi báo giá.,80,TDM Tuấn Đức,"Cầu Giấy, Hà Nội",024 6666 8686,Đại lý phân phối,https://vn.toto.com/gia-thiet-bi-ve-sinh-toto/,Nguồn giá/model từ website hãng hoặc giá tham khảo,FALSE,"Dữ liệu mẫu phục vụ demo; cần xác minh thủ công model, ảnh và giá trước khi dùng cho báo giá thật."
p_shower_005,Sen tắm TOTO cao cấp tham khảo,Sen tắm,TOTO,TOTO-SHW-SAMPLE-002,10000000,35000000,10.000.000đ – 35.000.000đ,Đồng mạ PVD,Chrome/Nickel,Theo model,/images/products/placeholder-sanitary.png,FALSE,Cần xác nhận tồn kho,Đặt trước,Luxury,Bộ sen tắm dùng cho concept phòng tắm; cần xác nhận cấu hình và tồn kho trước khi báo giá.,78,LivLab Partner Showroom,"Mỹ Đình, Hà Nội",024 0000 0000,Showroom đối tác,https://vn.toto.com/gia-thiet-bi-ve-sinh-toto/,Nguồn giá/model từ website hãng hoặc giá tham khảo,FALSE,"Dữ liệu mẫu phục vụ demo; cần xác minh thủ công model, ảnh và giá trước khi dùng cho báo giá thật."
p_shower_006,Sen cây Caesar chrome tham khảo,Sen tắm,Caesar,CAE-SHW-SAMPLE-001,1800000,5200000,1.800.000đ – 5.200.000đ,Đồng mạ chrome,Chrome,Theo model,/images/products/placeholder-sanitary.png,FALSE,Cần xác nhận tồn kho,Đặt trước,Modern,Bộ sen tắm dùng cho concept phòng tắm; cần xác nhận cấu hình và tồn kho trước khi báo giá.,90,TDM Tuấn Đức,"Cầu Giấy, Hà Nội",024 6666 8686,Đại lý phân phối,https://caesar.com.vn/Vn/san-pham/loai/2/lavabo,Nguồn giá/model từ website hãng hoặc giá tham khảo,FALSE,"Dữ liệu mẫu phục vụ demo; cần xác minh thủ công model, ảnh và giá trước khi dùng cho báo giá thật."
p_shower_007,Sen tắm Caesar đen mờ tham khảo,Sen tắm,Caesar,CAE-SHW-SAMPLE-002,2800000,7500000,2.800.000đ – 7.500.000đ,Đồng mạ sơn tĩnh điện,Đen mờ,Theo model,/images/products/placeholder-sanitary.png,FALSE,Cần xác nhận tồn kho,Đặt trước,Hotel,Bộ sen tắm dùng cho concept phòng tắm; cần xác nhận cấu hình và tồn kho trước khi báo giá.,85,Modern Bath Gallery,"Nam Từ Liêm, Hà Nội",024 3333 8899,Showroom đối tác,https://caesar.com.vn/Vn/san-pham/loai/2/lavabo,Nguồn giá/model từ website hãng hoặc giá tham khảo,FALSE,"Dữ liệu mẫu phục vụ demo; cần xác minh thủ công model, ảnh và giá trước khi dùng cho báo giá thật."
p_shower_008,Sen cây GROHE Rainshower tham khảo,Sen tắm,Grohe,GROHE-RAINSHOWER-SAMPLE,12000000,35000000,12.000.000đ – 35.000.000đ,Đồng thau,Chrome,Theo model,/images/products/placeholder-sanitary.png,FALSE,Cần xác nhận tồn kho,Đặt trước,Luxury,Bộ sen tắm dùng cho concept phòng tắm; cần xác nhận cấu hình và tồn kho trước khi báo giá.,87,Hải Linh Showroom,"Hà Đông, Hà Nội",024 3858 6655,Đại lý phân phối,https://www.grohe.vn/,Nguồn giá/model từ website hãng hoặc giá tham khảo,FALSE,"Dữ liệu mẫu phục vụ demo; cần xác minh thủ công model, ảnh và giá trước khi dùng cho báo giá thật."
p_shower_009,Sen tắm GROHE Eurosmart tham khảo,Sen tắm,Grohe,GROHE-SHW-EUROSMART-SAMPLE,4500000,9500000,4.500.000đ – 9.500.000đ,Đồng thau,Chrome,Theo model,/images/products/placeholder-sanitary.png,FALSE,Cần xác nhận tồn kho,Đặt trước,Modern,Bộ sen tắm dùng cho concept phòng tắm; cần xác nhận cấu hình và tồn kho trước khi báo giá.,74,HomeBath Studio,"Đống Đa, Hà Nội",024 7777 1122,Showroom đối tác,https://www.grohe.vn/,Nguồn giá/model từ website hãng hoặc giá tham khảo,FALSE,"Dữ liệu mẫu phục vụ demo; cần xác minh thủ công model, ảnh và giá trước khi dùng cho báo giá thật."
p_shower_010,Sen tắm Hafele âm tường tham khảo,Sen tắm,Hafele,HAFELE-SHW-SAMPLE-001,6500000,18000000,6.500.000đ – 18.000.000đ,Đồng thau,Chrome,Theo model,/images/products/placeholder-sanitary.png,FALSE,Cần xác nhận tồn kho,Đặt trước,Hotel,Bộ sen tắm dùng cho concept phòng tắm; cần xác nhận cấu hình và tồn kho trước khi báo giá.,55,HomeBath Studio,"Đống Đa, Hà Nội",024 7777 1122,Showroom đối tác,https://hafelehome.com.vn/blogs/tin-tuc/showroom-hafele-nguyen-van-troi-tphcm,Nguồn giá/model từ website hãng hoặc giá tham khảo,FALSE,"Dữ liệu mẫu phục vụ demo; cần xác minh thủ công model, ảnh và giá trước khi dùng cho báo giá thật."
p_shower_011,Sen cây Hafele đen mờ tham khảo,Sen tắm,Hafele,HAFELE-SHW-SAMPLE-002,5200000,12500000,5.200.000đ – 12.500.000đ,Đồng thau,Đen mờ,Theo model,/images/products/placeholder-sanitary.png,FALSE,Cần xác nhận tồn kho,Đặt trước,Japandi,Bộ sen tắm dùng cho concept phòng tắm; cần xác nhận cấu hình và tồn kho trước khi báo giá.,95,Modern Bath Gallery,"Nam Từ Liêm, Hà Nội",024 3333 8899,Showroom đối tác,https://hafelehome.com.vn/blogs/tin-tuc/showroom-hafele-nguyen-van-troi-tphcm,Nguồn giá/model từ website hãng hoặc giá tham khảo,FALSE,"Dữ liệu mẫu phục vụ demo; cần xác minh thủ công model, ảnh và giá trước khi dùng cho báo giá thật."
p_shower_012,Sen cây COTTO tham khảo,Sen tắm,COTTO,COTTO-SHW-SAMPLE-001,2500000,8500000,2.500.000đ – 8.500.000đ,Đồng mạ chrome,Chrome,Theo model,/images/products/placeholder-sanitary.png,FALSE,Cần xác nhận tồn kho,Đặt trước,Modern,Bộ sen tắm dùng cho concept phòng tắm; cần xác nhận cấu hình và tồn kho trước khi báo giá.,85,TDM Tuấn Đức,"Cầu Giấy, Hà Nội",024 6666 8686,Dữ liệu mẫu,,Nguồn giá/model từ website hãng hoặc giá tham khảo,FALSE,"Dữ liệu mẫu phục vụ demo; cần xác minh thủ công model, ảnh và giá trước khi dùng cho báo giá thật."
p_shower_013,Sen tắm American Standard tham khảo,Sen tắm,American Standard,AS-SHW-SAMPLE-001,3000000,9500000,3.000.000đ – 9.500.000đ,Đồng mạ chrome,Chrome,Theo model,/images/products/placeholder-sanitary.png,FALSE,Cần xác nhận tồn kho,Đặt trước,Modern,Bộ sen tắm dùng cho concept phòng tắm; cần xác nhận cấu hình và tồn kho trước khi báo giá.,81,Hải Linh Showroom,"Hà Đông, Hà Nội",024 3858 6655,Dữ liệu mẫu,,Nguồn giá/model từ website hãng hoặc giá tham khảo,FALSE,"Dữ liệu mẫu phục vụ demo; cần xác minh thủ công model, ảnh và giá trước khi dùng cho báo giá thật."
p_shower_014,Sen tắm Local Showroom Warm Shower,Sen tắm,Local Showroom,LOCAL-SHW-WARM-001,2200000,5200000,2.200.000đ – 5.200.000đ,Đồng thau,Nickel ấm,Theo model,/images/products/placeholder-sanitary.png,FALSE,Cần xác nhận tồn kho,Đặt trước,Warm Neutral,Bộ sen tắm dùng cho concept phòng tắm; cần xác nhận cấu hình và tồn kho trước khi báo giá.,83,Modern Bath Gallery,"Nam Từ Liêm, Hà Nội",024 3333 8899,Dữ liệu mẫu,,Nguồn giá/model từ website hãng hoặc giá tham khảo,FALSE,"Dữ liệu mẫu phục vụ demo; cần xác minh thủ công model, ảnh và giá trước khi dùng cho báo giá thật."
p_shower_015,Sen tắm Local Showroom Slim Black,Sen tắm,Local Showroom,LOCAL-SHW-BLACK-001,2600000,6800000,2.600.000đ – 6.800.000đ,Đồng thau,Đen mờ,Theo model,/images/products/placeholder-sanitary.png,FALSE,Cần xác nhận tồn kho,Đặt trước,Minimal,Bộ sen tắm dùng cho concept phòng tắm; cần xác nhận cấu hình và tồn kho trước khi báo giá.,58,Modern Bath Gallery,"Nam Từ Liêm, Hà Nội",024 3333 8899,Dữ liệu mẫu,,Nguồn giá/model từ website hãng hoặc giá tham khảo,FALSE,"Dữ liệu mẫu phục vụ demo; cần xác minh thủ công model, ảnh và giá trước khi dùng cho báo giá thật."
p_toilet_001,Bồn cầu 1 khối INAX AC-969VN-2,Bồn cầu,INAX,AC-969VN-2,4000000,5000000,4.000.000đ – 5.000.000đ,Sứ vệ sinh,Trắng bóng,Theo model,/images/products/placeholder-sanitary.png,FALSE,Cần xác nhận tồn kho,Đặt trước,Modern,Bồn cầu cho gói phòng tắm; giá/tính năng cần xác nhận với showroom tại thời điểm báo giá.,70,Interior Material Hub,"Long Biên, Hà Nội",024 2222 6699,Showroom đối tác,https://www.inax.com.vn/vi/san-pham/ban-cau-1-khoi/,Nguồn giá/model từ website hãng hoặc giá tham khảo,TRUE,"Model/giá có nguồn tham khảo; ảnh đang dùng placeholder, cần thay bằng ảnh chính hãng trước khi dùng thương mại."
p_toilet_002,Bồn cầu 1 khối INAX AC-989VN,Bồn cầu,INAX,AC-989VN,5000000,6000000,5.000.000đ – 6.000.000đ,Sứ vệ sinh,Trắng bóng,Theo model,/images/products/placeholder-sanitary.png,FALSE,Cần xác nhận tồn kho,Đặt trước,Modern,Bồn cầu cho gói phòng tắm; giá/tính năng cần xác nhận với showroom tại thời điểm báo giá.,83,Modern Bath Gallery,"Nam Từ Liêm, Hà Nội",024 3333 8899,Showroom đối tác,https://www.inax.com.vn/vi/san-pham/ban-cau-1-khoi/,Nguồn giá/model từ website hãng hoặc giá tham khảo,TRUE,"Model/giá có nguồn tham khảo; ảnh đang dùng placeholder, cần thay bằng ảnh chính hãng trước khi dùng thương mại."
p_toilet_003,Bồn cầu 1 khối INAX AC-959VAN-2,Bồn cầu,INAX,AC-959VAN-2,7000000,8000000,7.000.000đ – 8.000.000đ,Sứ vệ sinh,Trắng bóng,Theo model,/images/products/placeholder-sanitary.png,FALSE,Cần xác nhận tồn kho,Đặt trước,Modern,Bồn cầu cho gói phòng tắm; giá/tính năng cần xác nhận với showroom tại thời điểm báo giá.,80,LivLab Partner Showroom,"Mỹ Đình, Hà Nội",024 0000 0000,Showroom đối tác,https://www.inax.com.vn/vi/san-pham/ban-cau-1-khoi/,Nguồn giá/model từ website hãng hoặc giá tham khảo,TRUE,"Model/giá có nguồn tham khảo; ảnh đang dùng placeholder, cần thay bằng ảnh chính hãng trước khi dùng thương mại."
p_toilet_004,Bồn cầu 1 khối INAX AC-939VN,Bồn cầu,INAX,AC-939VN,8000000,9000000,8.000.000đ – 9.000.000đ,Sứ vệ sinh,Trắng bóng,Theo model,/images/products/placeholder-sanitary.png,FALSE,Cần xác nhận tồn kho,Đặt trước,Modern,Bồn cầu cho gói phòng tắm; giá/tính năng cần xác nhận với showroom tại thời điểm báo giá.,81,HomeBath Studio,"Đống Đa, Hà Nội",024 7777 1122,Showroom đối tác,https://www.inax.com.vn/vi/san-pham/ban-cau-1-khoi/,Nguồn giá/model từ website hãng hoặc giá tham khảo,TRUE,"Model/giá có nguồn tham khảo; ảnh đang dùng placeholder, cần thay bằng ảnh chính hãng trước khi dùng thương mại."
p_toilet_005,Bồn cầu 1 khối INAX AC-912VN,Bồn cầu,INAX,AC-912VN,9000000,10000000,9.000.000đ – 10.000.000đ,Sứ vệ sinh,Trắng bóng,Theo model,/images/products/placeholder-sanitary.png,FALSE,Cần xác nhận tồn kho,Đặt trước,Modern,Bồn cầu cho gói phòng tắm; giá/tính năng cần xác nhận với showroom tại thời điểm báo giá.,66,HomeBath Studio,"Đống Đa, Hà Nội",024 7777 1122,Showroom đối tác,https://www.inax.com.vn/vi/san-pham/ban-cau-1-khoi/,Nguồn giá/model từ website hãng hoặc giá tham khảo,TRUE,"Model/giá có nguồn tham khảo; ảnh đang dùng placeholder, cần thay bằng ảnh chính hãng trước khi dùng thương mại."
p_toilet_006,Bồn cầu 1 khối INAX AC-919VRN,Bồn cầu,INAX,AC-919VRN,10500000,11500000,10.500.000đ – 11.500.000đ,Sứ vệ sinh,Trắng bóng,Theo model,/images/products/placeholder-sanitary.png,FALSE,Cần xác nhận tồn kho,Đặt trước,Modern,Bồn cầu cho gói phòng tắm; giá/tính năng cần xác nhận với showroom tại thời điểm báo giá.,74,TDM Tuấn Đức,"Cầu Giấy, Hà Nội",024 6666 8686,Đại lý phân phối,https://www.inax.com.vn/vi/san-pham/ban-cau-1-khoi/,Nguồn giá/model từ website hãng hoặc giá tham khảo,TRUE,"Model/giá có nguồn tham khảo; ảnh đang dùng placeholder, cần thay bằng ảnh chính hãng trước khi dùng thương mại."
p_toilet_007,Bồn cầu 1 khối INAX AC-1008VRN,Bồn cầu,INAX,AC-1008VRN,13800000,14500000,13.800.000đ – 14.500.000đ,Sứ vệ sinh,Trắng bóng,Theo model,/images/products/placeholder-sanitary.png,FALSE,Cần xác nhận tồn kho,Đặt trước,Modern,Bồn cầu cho gói phòng tắm; giá/tính năng cần xác nhận với showroom tại thời điểm báo giá.,75,TDM Tuấn Đức,"Cầu Giấy, Hà Nội",024 6666 8686,Đại lý phân phối,https://www.inax.com.vn/vi/san-pham/ban-cau-1-khoi/,Nguồn giá/model từ website hãng hoặc giá tham khảo,TRUE,"Model/giá có nguồn tham khảo; ảnh đang dùng placeholder, cần thay bằng ảnh chính hãng trước khi dùng thương mại."
p_toilet_008,Bồn cầu 2 khối INAX nắp đóng êm tham khảo,Bồn cầu,INAX,INAX-2PC-SAMPLE,2300000,7600000,2.300.000đ – 7.600.000đ,Sứ vệ sinh,Trắng bóng,Theo model,/images/products/placeholder-sanitary.png,FALSE,Cần xác nhận tồn kho,Đặt trước,Modern,Bồn cầu cho gói phòng tắm; giá/tính năng cần xác nhận với showroom tại thời điểm báo giá.,87,Hải Linh Showroom,"Hà Đông, Hà Nội",024 3858 6655,Đại lý phân phối,https://www.inax.com.vn/vi/san-pham/ban-cau-2-khoi/,Nguồn giá/model từ website hãng hoặc giá tham khảo,FALSE,"Dữ liệu mẫu phục vụ demo; cần xác minh thủ công model, ảnh và giá trước khi dùng cho báo giá thật."
p_toilet_009,Bồn cầu thông minh INAX tham khảo,Bồn cầu,INAX,INAX-SMART-SAMPLE,56650000,163620000,56.650.000đ – 163.620.000đ,Sứ vệ sinh,Trắng bóng,Theo model,/images/products/placeholder-sanitary.png,FALSE,Cần xác nhận tồn kho,Đặt trước,Modern,Bồn cầu cho gói phòng tắm; giá/tính năng cần xác nhận với showroom tại thời điểm báo giá.,61,Modern Bath Gallery,"Nam Từ Liêm, Hà Nội",024 3333 8899,Showroom đối tác,https://www.inax.com.vn/vi/san-pham/toilet/,Nguồn giá/model từ website hãng hoặc giá tham khảo,FALSE,"Dữ liệu mẫu phục vụ demo; cần xác minh thủ công model, ảnh và giá trước khi dùng cho báo giá thật."
p_toilet_010,Bồn cầu TOTO phổ thông tham khảo,Bồn cầu,TOTO,TOTO-WC-SAMPLE-001,3269000,15000000,3.269.000đ – 15.000.000đ,Sứ vệ sinh,Trắng bóng,Theo model,/images/products/placeholder-sanitary.png,FALSE,Cần xác nhận tồn kho,Đặt trước,Modern,Bồn cầu cho gói phòng tắm; giá/tính năng cần xác nhận với showroom tại thời điểm báo giá.,91,TDM Tuấn Đức,"Cầu Giấy, Hà Nội",024 6666 8686,Đại lý phân phối,https://vn.toto.com/gia-thiet-bi-ve-sinh-toto/,Nguồn giá/model từ website hãng hoặc giá tham khảo,FALSE,"Dữ liệu mẫu phục vụ demo; cần xác minh thủ công model, ảnh và giá trước khi dùng cho báo giá thật."
p_toilet_011,Bồn cầu TOTO Washlet cao cấp tham khảo,Bồn cầu,TOTO,TOTO-WASHLET-SAMPLE,15000000,60000000,15.000.000đ – 60.000.000đ,Sứ vệ sinh,Trắng bóng,Theo model,/images/products/placeholder-sanitary.png,FALSE,Cần xác nhận tồn kho,Đặt trước,Modern,Bồn cầu cho gói phòng tắm; giá/tính năng cần xác nhận với showroom tại thời điểm báo giá.,59,HITA Home,TP. Hồ Chí Minh,028 8888 6688,Đại lý phân phối,https://vn.toto.com/gia-thiet-bi-ve-sinh-toto/,Nguồn giá/model từ website hãng hoặc giá tham khảo,FALSE,"Dữ liệu mẫu phục vụ demo; cần xác minh thủ công model, ảnh và giá trước khi dùng cho báo giá thật."
p_toilet_012,Bồn cầu Caesar một khối tham khảo,Bồn cầu,Caesar,CAE-WC-SAMPLE-001,2800000,9000000,2.800.000đ – 9.000.000đ,Sứ vệ sinh,Trắng bóng,Theo model,/images/products/placeholder-sanitary.png,FALSE,Cần xác nhận tồn kho,Đặt trước,Modern,Bồn cầu cho gói phòng tắm; giá/tính năng cần xác nhận với showroom tại thời điểm báo giá.,66,Interior Material Hub,"Long Biên, Hà Nội",024 2222 6699,Showroom đối tác,https://caesar.com.vn/Vn/san-pham/loai/2/lavabo,Nguồn giá/model từ website hãng hoặc giá tham khảo,FALSE,"Dữ liệu mẫu phục vụ demo; cần xác minh thủ công model, ảnh và giá trước khi dùng cho báo giá thật."
p_toilet_013,Bồn cầu Caesar hai khối tham khảo,Bồn cầu,Caesar,CAE-WC-SAMPLE-002,2200000,6500000,2.200.000đ – 6.500.000đ,Sứ vệ sinh,Trắng bóng,Theo model,/images/products/placeholder-sanitary.png,FALSE,Cần xác nhận tồn kho,Đặt trước,Modern,Bồn cầu cho gói phòng tắm; giá/tính năng cần xác nhận với showroom tại thời điểm báo giá.,65,Modern Bath Gallery,"Nam Từ Liêm, Hà Nội",024 3333 8899,Showroom đối tác,https://caesar.com.vn/Vn/san-pham/loai/2/lavabo,Nguồn giá/model từ website hãng hoặc giá tham khảo,FALSE,"Dữ liệu mẫu phục vụ demo; cần xác minh thủ công model, ảnh và giá trước khi dùng cho báo giá thật."
p_toilet_014,Bồn cầu Viglacera tham khảo,Bồn cầu,Viglacera,VGC-WC-SAMPLE-001,2000000,6500000,2.000.000đ – 6.500.000đ,Sứ vệ sinh,Trắng bóng,Theo model,/images/products/placeholder-sanitary.png,FALSE,Cần xác nhận tồn kho,Đặt trước,Modern,Bồn cầu cho gói phòng tắm; giá/tính năng cần xác nhận với showroom tại thời điểm báo giá.,65,Modern Bath Gallery,"Nam Từ Liêm, Hà Nội",024 3333 8899,Dữ liệu mẫu,,Nguồn giá/model từ website hãng hoặc giá tham khảo,FALSE,"Dữ liệu mẫu phục vụ demo; cần xác minh thủ công model, ảnh và giá trước khi dùng cho báo giá thật."
p_toilet_015,Bồn cầu American Standard tham khảo,Bồn cầu,American Standard,AS-WC-SAMPLE-001,4500000,18000000,4.500.000đ – 18.000.000đ,Sứ vệ sinh,Trắng bóng,Theo model,/images/products/placeholder-sanitary.png,FALSE,Cần xác nhận tồn kho,Đặt trước,Modern,Bồn cầu cho gói phòng tắm; giá/tính năng cần xác nhận với showroom tại thời điểm báo giá.,81,HITA Home,TP. Hồ Chí Minh,028 8888 6688,Dữ liệu mẫu,,Nguồn giá/model từ website hãng hoặc giá tham khảo,FALSE,"Dữ liệu mẫu phục vụ demo; cần xác minh thủ công model, ảnh và giá trước khi dùng cho báo giá thật."
p_tile_001,Gạch granite 800x800 Thạch Bàn TGB80-0266,Gạch ốp/lát,Thạch Bàn,TGB80-0266,290000,389000,290.000đ – 389.000đ,Granite,Bóng kiếng / vân đá,800x800 mm,/images/products/placeholder-sanitary.png,FALSE,Cần xác nhận tồn kho,Đặt trước,Luxury,"Gạch ốp/lát tính theo m², phù hợp concept phòng tắm và không gian nội thất.",59,HomeBath Studio,"Đống Đa, Hà Nội",024 7777 1122,Showroom đối tác,https://gachthachban.vn/,Nguồn giá/model từ website hoặc giá thị trường tham khảo,TRUE,"Model/giá có nguồn tham khảo; ảnh đang dùng placeholder, cần thay bằng ảnh chính hãng trước khi dùng thương mại."
p_tile_002,Gạch granite men bóng Thạch Bàn TGB80-0265,Gạch ốp/lát,Thạch Bàn,TGB80-0265,290000,389000,290.000đ – 389.000đ,Granite,Bóng kiếng / vân đá,800x800 mm,/images/products/placeholder-sanitary.png,FALSE,Cần xác nhận tồn kho,Đặt trước,Luxury,"Gạch ốp/lát tính theo m², phù hợp concept phòng tắm và không gian nội thất.",66,Hải Linh Showroom,"Hà Đông, Hà Nội",024 3858 6655,Đại lý phân phối,https://gachthachban.vn/,Nguồn giá/model từ website hoặc giá thị trường tham khảo,TRUE,"Model/giá có nguồn tham khảo; ảnh đang dùng placeholder, cần thay bằng ảnh chính hãng trước khi dùng thương mại."
p_tile_003,Gạch granite men bóng Thạch Bàn TGB80-0229,Gạch ốp/lát,Thạch Bàn,TGB80-0229,290000,389000,290.000đ – 389.000đ,Granite,Bóng kiếng / vân đá,800x800 mm,/images/products/placeholder-sanitary.png,FALSE,Cần xác nhận tồn kho,Đặt trước,Modern,"Gạch ốp/lát tính theo m², phù hợp concept phòng tắm và không gian nội thất.",59,TDM Tuấn Đức,"Cầu Giấy, Hà Nội",024 6666 8686,Đại lý phân phối,https://gachthachban.vn/,Nguồn giá/model từ website hoặc giá thị trường tham khảo,TRUE,"Model/giá có nguồn tham khảo; ảnh đang dùng placeholder, cần thay bằng ảnh chính hãng trước khi dùng thương mại."
p_tile_004,Gạch lát nền Thạch Bàn FGB60-2005,Gạch ốp/lát,Thạch Bàn,FGB60-2005.0,450000,450000,450.000đ,Granite,Vân đá marble trắng,600x600 mm,/images/products/placeholder-sanitary.png,FALSE,Cần xác nhận tồn kho,Đặt trước,Hotel,"Gạch ốp/lát tính theo m², phù hợp concept phòng tắm và không gian nội thất.",73,LivLab Partner Showroom,"Mỹ Đình, Hà Nội",024 0000 0000,Showroom đối tác,https://gachthachban.vn/,Nguồn giá/model từ website hoặc giá thị trường tham khảo,TRUE,"Model/giá có nguồn tham khảo; ảnh đang dùng placeholder, cần thay bằng ảnh chính hãng trước khi dùng thương mại."
p_tile_005,Gạch lát nền men khô Thạch Bàn TGM60-0021,Gạch ốp/lát,Thạch Bàn,TGM60-0021,230000,285000,230.000đ – 285.000đ,Ceramic/Granite,Men khô,600x600 mm,/images/products/placeholder-sanitary.png,FALSE,Cần xác nhận tồn kho,Đặt trước,Minimal,"Gạch ốp/lát tính theo m², phù hợp concept phòng tắm và không gian nội thất.",72,HomeBath Studio,"Đống Đa, Hà Nội",024 7777 1122,Showroom đối tác,https://gachthachban.vn/,Nguồn giá/model từ website hoặc giá thị trường tham khảo,TRUE,"Model/giá có nguồn tham khảo; ảnh đang dùng placeholder, cần thay bằng ảnh chính hãng trước khi dùng thương mại."
p_tile_006,Gạch lát sàn Thạch Bàn TGB60-0855,Gạch ốp/lát,Thạch Bàn,TGB60-0855,230000,295000,230.000đ – 295.000đ,Granite,Vân đá nâu xám đen,600x600 mm,/images/products/placeholder-sanitary.png,FALSE,Cần xác nhận tồn kho,Đặt trước,Warm Neutral,"Gạch ốp/lát tính theo m², phù hợp concept phòng tắm và không gian nội thất.",65,TDM Tuấn Đức,"Cầu Giấy, Hà Nội",024 6666 8686,Đại lý phân phối,https://gachthachban.vn/,Nguồn giá/model từ website hoặc giá thị trường tham khảo,TRUE,"Model/giá có nguồn tham khảo; ảnh đang dùng placeholder, cần thay bằng ảnh chính hãng trước khi dùng thương mại."
p_tile_007,Gạch lát sàn Thạch Bàn TGB60-0853,Gạch ốp/lát,Thạch Bàn,TGB60-0853,230000,295000,230.000đ – 295.000đ,Granite,Vân đá vàng nâu,600x600 mm,/images/products/placeholder-sanitary.png,FALSE,Cần xác nhận tồn kho,Đặt trước,Warm Neutral,"Gạch ốp/lát tính theo m², phù hợp concept phòng tắm và không gian nội thất.",59,HomeBath Studio,"Đống Đa, Hà Nội",024 7777 1122,Showroom đối tác,https://gachthachban.vn/,Nguồn giá/model từ website hoặc giá thị trường tham khảo,TRUE,"Model/giá có nguồn tham khảo; ảnh đang dùng placeholder, cần thay bằng ảnh chính hãng trước khi dùng thương mại."
p_tile_008,Gạch ốp tường granite Thạch Bàn TGB36-0236,Gạch ốp/lát,Thạch Bàn,TGB36-0236,235000,279000,235.000đ – 279.000đ,Granite,Ốp tường,300x600 mm,/images/products/placeholder-sanitary.png,FALSE,Cần xác nhận tồn kho,Đặt trước,Minimal,"Gạch ốp/lát tính theo m², phù hợp concept phòng tắm và không gian nội thất.",95,LivLab Partner Showroom,"Mỹ Đình, Hà Nội",024 0000 0000,Showroom đối tác,https://gachthachban.vn/,Nguồn giá/model từ website hoặc giá thị trường tham khảo,TRUE,"Model/giá có nguồn tham khảo; ảnh đang dùng placeholder, cần thay bằng ảnh chính hãng trước khi dùng thương mại."
p_tile_009,Gạch ốp lát Viglacera phòng tắm tham khảo,Gạch ốp/lát,Viglacera,VGC-TILE-SAMPLE-001,180000,700000,180.000đ – 700.000đ,Ceramic/Porcelain,Vân đá / vân xi măng,300x600–600x600 mm,/images/products/placeholder-sanitary.png,FALSE,Cần xác nhận tồn kho,Đặt trước,Modern,"Gạch ốp/lát tính theo m², phù hợp concept phòng tắm và không gian nội thất.",74,TDM Tuấn Đức,"Cầu Giấy, Hà Nội",024 6666 8686,Đại lý phân phối,https://hailinh.com.vn/gach-op-lat/,Nguồn giá/model từ website hoặc giá thị trường tham khảo,FALSE,"Dữ liệu mẫu phục vụ demo; cần xác minh thủ công model, ảnh và giá trước khi dùng cho báo giá thật."
p_tile_010,Gạch porcelain nhập khẩu KHATRA tham khảo,Gạch ốp/lát,KHATRA,KHATRA-TILE-SAMPLE-001,700000,1500000,700.000đ – 1.500.000đ,Porcelain,Vân đá cao cấp,600x1200 mm,/images/products/placeholder-sanitary.png,FALSE,Cần xác nhận tồn kho,Đặt trước,Luxury,"Gạch ốp/lát tính theo m², phù hợp concept phòng tắm và không gian nội thất.",73,TDM Tuấn Đức,"Cầu Giấy, Hà Nội",024 6666 8686,Đại lý phân phối,https://khatra.com.vn/,Nguồn giá/model từ website hoặc giá thị trường tham khảo,FALSE,"Dữ liệu mẫu phục vụ demo; cần xác minh thủ công model, ảnh và giá trước khi dùng cho báo giá thật."
p_vanity_001,Lavabo kết hợp tủ treo Caesar LF5028 + EH15028DDRW7V,Tủ lavabo,Caesar,LF5028 + EH15028DDRW7V,11729000,13349000,11.729.000đ – 13.349.000đ,PVC chống ẩm / gỗ công nghiệp / sứ,Gỗ sáng / trắng / đen mờ,700–1000 mm,/images/products/placeholder-sanitary.png,FALSE,Cần xác nhận tồn kho,Đặt trước,Warm Neutral,Tủ lavabo/vanity giúp đồng bộ khu rửa mặt trong concept. Giá cần xác nhận theo kích thước và vật liệu thực tế.,57,Modern Bath Gallery,"Nam Từ Liêm, Hà Nội",024 3333 8899,Showroom đối tác,https://caesar.com.vn/vi/san-pham/loai/26/lavabo-tu-treo,Nguồn giá/model từ website hãng hoặc giá tham khảo,TRUE,"Model/giá có nguồn tham khảo; ảnh đang dùng placeholder, cần thay bằng ảnh chính hãng trước khi dùng thương mại."
p_vanity_002,Lavabo kết hợp tủ treo Caesar LF5028 + EH15028DDLV,Tủ lavabo,Caesar,LF5028 + EH15028DDLV,11729000,13349000,11.729.000đ – 13.349.000đ,PVC chống ẩm / gỗ công nghiệp / sứ,Gỗ sáng / trắng / đen mờ,700–1000 mm,/images/products/placeholder-sanitary.png,FALSE,Cần xác nhận tồn kho,Đặt trước,Warm Neutral,Tủ lavabo/vanity giúp đồng bộ khu rửa mặt trong concept. Giá cần xác nhận theo kích thước và vật liệu thực tế.,70,HITA Home,TP. Hồ Chí Minh,028 8888 6688,Đại lý phân phối,https://caesar.com.vn/vi/san-pham/loai/26/lavabo-tu-treo,Nguồn giá/model từ website hãng hoặc giá tham khảo,TRUE,"Model/giá có nguồn tham khảo; ảnh đang dùng placeholder, cần thay bằng ảnh chính hãng trước khi dùng thương mại."
p_vanity_003,Lavabo kết hợp tủ treo Caesar LF5026 + EH15026DDRW7V,Tủ lavabo,Caesar,LF5026 + EH15026DDRW7V,11729000,11729000,11.729.000đ,PVC chống ẩm / gỗ công nghiệp / sứ,Gỗ sáng / trắng / đen mờ,700–1000 mm,/images/products/placeholder-sanitary.png,FALSE,Cần xác nhận tồn kho,Đặt trước,Warm Neutral,Tủ lavabo/vanity giúp đồng bộ khu rửa mặt trong concept. Giá cần xác nhận theo kích thước và vật liệu thực tế.,61,TDM Tuấn Đức,"Cầu Giấy, Hà Nội",024 6666 8686,Đại lý phân phối,https://caesar.com.vn/vi/san-pham/loai/26/lavabo-tu-treo,Nguồn giá/model từ website hãng hoặc giá tham khảo,TRUE,"Model/giá có nguồn tham khảo; ảnh đang dùng placeholder, cần thay bằng ảnh chính hãng trước khi dùng thương mại."
p_vanity_004,Lavabo kết hợp tủ treo Caesar LF5026 + EH15026DDRV,Tủ lavabo,Caesar,LF5026 + EH15026DDRV,11729000,11729000,11.729.000đ,PVC chống ẩm / gỗ công nghiệp / sứ,Gỗ sáng / trắng / đen mờ,700–1000 mm,/images/products/placeholder-sanitary.png,FALSE,Cần xác nhận tồn kho,Đặt trước,Warm Neutral,Tủ lavabo/vanity giúp đồng bộ khu rửa mặt trong concept. Giá cần xác nhận theo kích thước và vật liệu thực tế.,65,Modern Bath Gallery,"Nam Từ Liêm, Hà Nội",024 3333 8899,Showroom đối tác,https://caesar.com.vn/vi/san-pham/loai/26/lavabo-tu-treo,Nguồn giá/model từ website hãng hoặc giá tham khảo,TRUE,"Model/giá có nguồn tham khảo; ảnh đang dùng placeholder, cần thay bằng ảnh chính hãng trước khi dùng thương mại."
p_vanity_005,Lavabo kết hợp tủ treo Caesar LF5026 + EH15026DDLW7V,Tủ lavabo,Caesar,LF5026 + EH15026DDLW7V,11729000,11729000,11.729.000đ,PVC chống ẩm / gỗ công nghiệp / sứ,Gỗ sáng / trắng / đen mờ,700–1000 mm,/images/products/placeholder-sanitary.png,FALSE,Cần xác nhận tồn kho,Đặt trước,Warm Neutral,Tủ lavabo/vanity giúp đồng bộ khu rửa mặt trong concept. Giá cần xác nhận theo kích thước và vật liệu thực tế.,60,LivLab Partner Showroom,"Mỹ Đình, Hà Nội",024 0000 0000,Showroom đối tác,https://caesar.com.vn/vi/san-pham/loai/26/lavabo-tu-treo,Nguồn giá/model từ website hãng hoặc giá tham khảo,TRUE,"Model/giá có nguồn tham khảo; ảnh đang dùng placeholder, cần thay bằng ảnh chính hãng trước khi dùng thương mại."
p_vanity_006,Tủ lavabo gỗ Moku Wood 800,Tủ lavabo,Local Showroom,MOKU-WOOD-800,5200000,8900000,5.200.000đ – 8.900.000đ,PVC chống ẩm / gỗ công nghiệp / sứ,Gỗ sáng / trắng / đen mờ,700–1000 mm,/images/products/placeholder-sanitary.png,FALSE,Cần xác nhận tồn kho,Đặt trước,Warm Neutral,Tủ lavabo/vanity giúp đồng bộ khu rửa mặt trong concept. Giá cần xác nhận theo kích thước và vật liệu thực tế.,88,LivLab Partner Showroom,"Mỹ Đình, Hà Nội",024 0000 0000,Dữ liệu mẫu,,Nguồn giá/model từ website hãng hoặc giá tham khảo,FALSE,"Dữ liệu mẫu phục vụ demo; cần xác minh thủ công model, ảnh và giá trước khi dùng cho báo giá thật."
p_vanity_007,Tủ lavabo PVC chống ẩm Linea 700,Tủ lavabo,Local Showroom,LINEA-PVC-700,3200000,6200000,3.200.000đ – 6.200.000đ,PVC chống ẩm / gỗ công nghiệp / sứ,Gỗ sáng / trắng / đen mờ,700–1000 mm,/images/products/placeholder-sanitary.png,FALSE,Cần xác nhận tồn kho,Đặt trước,Warm Neutral,Tủ lavabo/vanity giúp đồng bộ khu rửa mặt trong concept. Giá cần xác nhận theo kích thước và vật liệu thực tế.,74,TDM Tuấn Đức,"Cầu Giấy, Hà Nội",024 6666 8686,Dữ liệu mẫu,,Nguồn giá/model từ website hãng hoặc giá tham khảo,FALSE,"Dữ liệu mẫu phục vụ demo; cần xác minh thủ công model, ảnh và giá trước khi dùng cho báo giá thật."
p_vanity_008,Tủ lavabo Hafele tham khảo,Tủ lavabo,Hafele,HAFELE-VANITY-SAMPLE-001,6500000,18000000,6.500.000đ – 18.000.000đ,PVC chống ẩm / gỗ công nghiệp / sứ,Gỗ sáng / trắng / đen mờ,700–1000 mm,/images/products/placeholder-sanitary.png,FALSE,Cần xác nhận tồn kho,Đặt trước,Warm Neutral,Tủ lavabo/vanity giúp đồng bộ khu rửa mặt trong concept. Giá cần xác nhận theo kích thước và vật liệu thực tế.,61,Hải Linh Showroom,"Hà Đông, Hà Nội",024 3858 6655,Đại lý phân phối,https://hafelehome.com.vn/blogs/tin-tuc/showroom-hafele-nguyen-van-troi-tphcm,Nguồn giá/model từ website hãng hoặc giá tham khảo,FALSE,"Dữ liệu mẫu phục vụ demo; cần xác minh thủ công model, ảnh và giá trước khi dùng cho báo giá thật."
p_vanity_009,Tủ lavabo Warm Neutral 900,Tủ lavabo,Local Showroom,LOCAL-VANITY-WN-900,7800000,12500000,7.800.000đ – 12.500.000đ,PVC chống ẩm / gỗ công nghiệp / sứ,Gỗ sáng / trắng / đen mờ,700–1000 mm,/images/products/placeholder-sanitary.png,FALSE,Cần xác nhận tồn kho,Đặt trước,Warm Neutral,Tủ lavabo/vanity giúp đồng bộ khu rửa mặt trong concept. Giá cần xác nhận theo kích thước và vật liệu thực tế.,84,HomeBath Studio,"Đống Đa, Hà Nội",024 7777 1122,Dữ liệu mẫu,,Nguồn giá/model từ website hãng hoặc giá tham khảo,FALSE,"Dữ liệu mẫu phục vụ demo; cần xác minh thủ công model, ảnh và giá trước khi dùng cho báo giá thật."
p_vanity_010,Tủ lavabo Hotel Cabinet 1000,Tủ lavabo,Local Showroom,LOCAL-VANITY-HOTEL-1000,9500000,22000000,9.500.000đ – 22.000.000đ,PVC chống ẩm / gỗ công nghiệp / sứ,Gỗ sáng / trắng / đen mờ,700–1000 mm,/images/products/placeholder-sanitary.png,FALSE,Cần xác nhận tồn kho,Đặt trước,Warm Neutral,Tủ lavabo/vanity giúp đồng bộ khu rửa mặt trong concept. Giá cần xác nhận theo kích thước và vật liệu thực tế.,60,TDM Tuấn Đức,"Cầu Giấy, Hà Nội",024 6666 8686,Dữ liệu mẫu,,Nguồn giá/model từ website hãng hoặc giá tham khảo,FALSE,"Dữ liệu mẫu phục vụ demo; cần xác minh thủ công model, ảnh và giá trước khi dùng cho báo giá thật."
p_light_001,Đèn gương LED Rạng Đông 12W tham khảo,Đèn phòng tắm,Rang Dong,RD-BATH-LIGHT-12W,250000,650000,250.000đ – 650.000đ,Kim loại / LED,Ánh sáng ấm / trung tính,Theo model,/images/products/placeholder-sanitary.png,FALSE,Cần xác nhận tồn kho,Đặt trước,Hotel,"Đèn dùng cho gương/phòng tắm, giúp hoàn thiện concept ánh sáng. Giá tham khảo cần xác nhận showroom.",90,LivLab Partner Showroom,"Mỹ Đình, Hà Nội",024 0000 0000,Dữ liệu mẫu,,Giá tham khảo cần xác minh,FALSE,"Dữ liệu mẫu phục vụ demo; cần xác minh thủ công model, ảnh và giá trước khi dùng cho báo giá thật."
p_light_002,Đèn gương LED Rạng Đông 18W tham khảo,Đèn phòng tắm,Rang Dong,RD-BATH-LIGHT-18W,450000,900000,450.000đ – 900.000đ,Kim loại / LED,Ánh sáng ấm / trung tính,Theo model,/images/products/placeholder-sanitary.png,FALSE,Cần xác nhận tồn kho,Đặt trước,Hotel,"Đèn dùng cho gương/phòng tắm, giúp hoàn thiện concept ánh sáng. Giá tham khảo cần xác nhận showroom.",95,Hải Linh Showroom,"Hà Đông, Hà Nội",024 3858 6655,Dữ liệu mẫu,,Giá tham khảo cần xác minh,FALSE,"Dữ liệu mẫu phục vụ demo; cần xác minh thủ công model, ảnh và giá trước khi dùng cho báo giá thật."
p_light_003,Đèn gương LED Điện Quang 12W tham khảo,Đèn phòng tắm,Dien Quang,DQ-BATH-LIGHT-12W,250000,700000,250.000đ – 700.000đ,Kim loại / LED,Ánh sáng ấm / trung tính,Theo model,/images/products/placeholder-sanitary.png,FALSE,Cần xác nhận tồn kho,Đặt trước,Hotel,"Đèn dùng cho gương/phòng tắm, giúp hoàn thiện concept ánh sáng. Giá tham khảo cần xác nhận showroom.",89,LivLab Partner Showroom,"Mỹ Đình, Hà Nội",024 0000 0000,Dữ liệu mẫu,,Giá tham khảo cần xác minh,FALSE,"Dữ liệu mẫu phục vụ demo; cần xác minh thủ công model, ảnh và giá trước khi dùng cho báo giá thật."
p_light_004,Đèn gương LED Điện Quang 18W tham khảo,Đèn phòng tắm,Dien Quang,DQ-BATH-LIGHT-18W,450000,950000,450.000đ – 950.000đ,Kim loại / LED,Ánh sáng ấm / trung tính,Theo model,/images/products/placeholder-sanitary.png,FALSE,Cần xác nhận tồn kho,Đặt trước,Hotel,"Đèn dùng cho gương/phòng tắm, giúp hoàn thiện concept ánh sáng. Giá tham khảo cần xác nhận showroom.",75,Interior Material Hub,"Long Biên, Hà Nội",024 2222 6699,Dữ liệu mẫu,,Giá tham khảo cần xác minh,FALSE,"Dữ liệu mẫu phục vụ demo; cần xác minh thủ công model, ảnh và giá trước khi dùng cho báo giá thật."
p_light_005,Đèn tường Halo Warm,Đèn phòng tắm,Local Showroom,LOCAL-HALO-WARM,900000,1800000,900.000đ – 1.800.000đ,Kim loại / LED,Ánh sáng ấm / trung tính,Theo model,/images/products/placeholder-sanitary.png,FALSE,Cần xác nhận tồn kho,Đặt trước,Hotel,"Đèn dùng cho gương/phòng tắm, giúp hoàn thiện concept ánh sáng. Giá tham khảo cần xác nhận showroom.",87,Interior Material Hub,"Long Biên, Hà Nội",024 2222 6699,Dữ liệu mẫu,,Giá tham khảo cần xác minh,FALSE,"Dữ liệu mẫu phục vụ demo; cần xác minh thủ công model, ảnh và giá trước khi dùng cho báo giá thật."
p_light_006,Đèn gương Linea Black,Đèn phòng tắm,Local Showroom,LOCAL-LINEA-BLACK,1200000,2500000,1.200.000đ – 2.500.000đ,Kim loại / LED,Ánh sáng ấm / trung tính,Theo model,/images/products/placeholder-sanitary.png,FALSE,Cần xác nhận tồn kho,Đặt trước,Hotel,"Đèn dùng cho gương/phòng tắm, giúp hoàn thiện concept ánh sáng. Giá tham khảo cần xác nhận showroom.",88,LivLab Partner Showroom,"Mỹ Đình, Hà Nội",024 0000 0000,Dữ liệu mẫu,,Giá tham khảo cần xác minh,FALSE,"Dữ liệu mẫu phục vụ demo; cần xác minh thủ công model, ảnh và giá trước khi dùng cho báo giá thật."
p_light_007,Đèn tường khách sạn Brass Glow,Đèn phòng tắm,Local Showroom,LOCAL-BRASS-GLOW,1800000,4500000,1.800.000đ – 4.500.000đ,Kim loại / LED,Ánh sáng ấm / trung tính,Theo model,/images/products/placeholder-sanitary.png,FALSE,Cần xác nhận tồn kho,Đặt trước,Hotel,"Đèn dùng cho gương/phòng tắm, giúp hoàn thiện concept ánh sáng. Giá tham khảo cần xác nhận showroom.",77,TDM Tuấn Đức,"Cầu Giấy, Hà Nội",024 6666 8686,Dữ liệu mẫu,,Giá tham khảo cần xác minh,FALSE,"Dữ liệu mẫu phục vụ demo; cần xác minh thủ công model, ảnh và giá trước khi dùng cho báo giá thật."
p_light_008,Đèn gương Hafele tham khảo,Đèn phòng tắm,Hafele,HAFELE-LIGHT-SAMPLE,2500000,8000000,2.500.000đ – 8.000.000đ,Kim loại / LED,Ánh sáng ấm / trung tính,Theo model,/images/products/placeholder-sanitary.png,FALSE,Cần xác nhận tồn kho,Đặt trước,Hotel,"Đèn dùng cho gương/phòng tắm, giúp hoàn thiện concept ánh sáng. Giá tham khảo cần xác nhận showroom.",71,TDM Tuấn Đức,"Cầu Giấy, Hà Nội",024 6666 8686,Đại lý phân phối,https://hafelehome.com.vn/blogs/tin-tuc/showroom-hafele-nguyen-van-troi-tphcm,Giá tham khảo cần xác minh,FALSE,"Dữ liệu mẫu phục vụ demo; cần xác minh thủ công model, ảnh và giá trước khi dùng cho báo giá thật."
p_accessory_001,Bộ xả chữ P INAX A-678P,Phụ kiện phòng tắm,INAX,A-678P,960000,960000,960.000đ,Đồng/nhựa kỹ thuật,Chrome,Theo model,/images/products/placeholder-sanitary.png,FALSE,Cần xác nhận tồn kho,Đặt trước,Modern,Phụ kiện hoàn thiện phòng tắm; giá và tồn kho cần xác nhận theo showroom.,82,Hải Linh Showroom,"Hà Đông, Hà Nội",024 3858 6655,Đại lý phân phối,https://www.inax.com.vn/vi/bo-xa-lavabo/,Nguồn giá/model từ website hãng hoặc giá tham khảo,TRUE,"Model/giá có nguồn tham khảo; ảnh đang dùng placeholder, cần thay bằng ảnh chính hãng trước khi dùng thương mại."
p_accessory_002,Ống thải bầu INAX A-676PV,Phụ kiện phòng tắm,INAX,A-676PV,1030000,1030000,1.030.000đ,Nhựa/kẽm,Trắng/Chrome,Theo model,/images/products/placeholder-sanitary.png,FALSE,Cần xác nhận tồn kho,Đặt trước,Modern,Phụ kiện hoàn thiện phòng tắm; giá và tồn kho cần xác nhận theo showroom.,66,TDM Tuấn Đức,"Cầu Giấy, Hà Nội",024 6666 8686,Đại lý phân phối,https://www.inax.com.vn/vi/bo-xa-lavabo/,Nguồn giá/model từ website hãng hoặc giá tham khảo,TRUE,"Model/giá có nguồn tham khảo; ảnh đang dùng placeholder, cần thay bằng ảnh chính hãng trước khi dùng thương mại."
p_accessory_003,Ống xả bầu INAX A-603PV,Phụ kiện phòng tắm,INAX,A-603PV,1410000,1410000,1.410.000đ,Nhựa/kẽm,Trắng/Chrome,Theo model,/images/products/placeholder-sanitary.png,FALSE,Cần xác nhận tồn kho,Đặt trước,Modern,Phụ kiện hoàn thiện phòng tắm; giá và tồn kho cần xác nhận theo showroom.,68,HomeBath Studio,"Đống Đa, Hà Nội",024 7777 1122,Showroom đối tác,https://www.inax.com.vn/vi/bo-xa-lavabo/,Nguồn giá/model từ website hãng hoặc giá tham khảo,TRUE,"Model/giá có nguồn tham khảo; ảnh đang dùng placeholder, cần thay bằng ảnh chính hãng trước khi dùng thương mại."
p_accessory_004,Bộ xả chậu rửa INAX LF-105PAL,Phụ kiện phòng tắm,INAX,LF-105PAL,2360000,2360000,2.360.000đ,Đồng mạ chrome,Chrome,Theo model,/images/products/placeholder-sanitary.png,FALSE,Cần xác nhận tồn kho,Đặt trước,Modern,Phụ kiện hoàn thiện phòng tắm; giá và tồn kho cần xác nhận theo showroom.,84,Hải Linh Showroom,"Hà Đông, Hà Nội",024 3858 6655,Đại lý phân phối,https://www.inax.com.vn/vi/bo-xa-lavabo/,Nguồn giá/model từ website hãng hoặc giá tham khảo,TRUE,"Model/giá có nguồn tham khảo; ảnh đang dùng placeholder, cần thay bằng ảnh chính hãng trước khi dùng thương mại."
p_accessory_005,Nắp rửa cơ INAX CW-S32VN-1,Phụ kiện phòng tắm,INAX,CW-S32VN-1,3130000,3130000,3.130.000đ,Nhựa cao cấp,Trắng,Theo model,/images/products/placeholder-sanitary.png,FALSE,Cần xác nhận tồn kho,Đặt trước,Modern,Phụ kiện hoàn thiện phòng tắm; giá và tồn kho cần xác nhận theo showroom.,80,Interior Material Hub,"Long Biên, Hà Nội",024 2222 6699,Showroom đối tác,https://www.inax.com.vn/vi/san-pham/accessories/,Nguồn giá/model từ website hãng hoặc giá tham khảo,TRUE,"Model/giá có nguồn tham khảo; ảnh đang dùng placeholder, cần thay bằng ảnh chính hãng trước khi dùng thương mại."
p_accessory_006,Nắp rửa cơ INAX CW-S32VN,Phụ kiện phòng tắm,INAX,CW-S32VN,2504000,2504000,2.504.000đ,Nhựa cao cấp,Trắng,Theo model,/images/products/placeholder-sanitary.png,FALSE,Cần xác nhận tồn kho,Đặt trước,Modern,Phụ kiện hoàn thiện phòng tắm; giá và tồn kho cần xác nhận theo showroom.,83,TDM Tuấn Đức,"Cầu Giấy, Hà Nội",024 6666 8686,Đại lý phân phối,https://www.inax.com.vn/vi/san-pham/accessories/,Nguồn giá/model từ website hãng hoặc giá tham khảo,TRUE,"Model/giá có nguồn tham khảo; ảnh đang dùng placeholder, cần thay bằng ảnh chính hãng trước khi dùng thương mại."
p_accessory_007,Nắp rửa cơ INAX CW-S15VN,Phụ kiện phòng tắm,INAX,CW-S15VN,1872000,1872000,1.872.000đ,Nhựa cao cấp,Trắng,Theo model,/images/products/placeholder-sanitary.png,FALSE,Cần xác nhận tồn kho,Đặt trước,Budget,Phụ kiện hoàn thiện phòng tắm; giá và tồn kho cần xác nhận theo showroom.,62,HITA Home,TP. Hồ Chí Minh,028 8888 6688,Đại lý phân phối,https://www.inax.com.vn/vi/san-pham/accessories/,Nguồn giá/model từ website hãng hoặc giá tham khảo,TRUE,"Model/giá có nguồn tham khảo; ảnh đang dùng placeholder, cần thay bằng ảnh chính hãng trước khi dùng thương mại."
p_accessory_008,Nắp rửa điện tử INAX CW-H17VN,Phụ kiện phòng tắm,INAX,CW-H17VN,8920000,8920000,8.920.000đ,Nhựa cao cấp,Trắng,Theo model,/images/products/placeholder-sanitary.png,FALSE,Cần xác nhận tồn kho,Đặt trước,Luxury,Phụ kiện hoàn thiện phòng tắm; giá và tồn kho cần xác nhận theo showroom.,76,Hải Linh Showroom,"Hà Đông, Hà Nội",024 3858 6655,Đại lý phân phối,https://www.inax.com.vn/vi/san-pham/accessories/,Nguồn giá/model từ website hãng hoặc giá tham khảo,TRUE,"Model/giá có nguồn tham khảo; ảnh đang dùng placeholder, cần thay bằng ảnh chính hãng trước khi dùng thương mại."
p_accessory_009,Vòi xịt vệ sinh INAX tham khảo,Phụ kiện phòng tắm,INAX,INAX-BIDET-SAMPLE,350000,1200000,350.000đ – 1.200.000đ,Nhựa ABS/Inox,Chrome,Theo model,/images/products/placeholder-sanitary.png,FALSE,Cần xác nhận tồn kho,Đặt trước,Budget,Phụ kiện hoàn thiện phòng tắm; giá và tồn kho cần xác nhận theo showroom.,85,Modern Bath Gallery,"Nam Từ Liêm, Hà Nội",024 3333 8899,Showroom đối tác,https://www.inax.com.vn/vi/san-pham/accessories/,Nguồn giá/model từ website hãng hoặc giá tham khảo,FALSE,"Dữ liệu mẫu phục vụ demo; cần xác minh thủ công model, ảnh và giá trước khi dùng cho báo giá thật."
p_accessory_010,Kệ treo khăn Kira inox 304,Phụ kiện phòng tắm,Local Showroom,LOCAL-KIRA-TOWEL,450000,1200000,450.000đ – 1.200.000đ,Inox 304,Bạc mờ,450–600 mm,/images/products/placeholder-sanitary.png,FALSE,Cần xác nhận tồn kho,Đặt trước,Minimal,Phụ kiện hoàn thiện phòng tắm; giá và tồn kho cần xác nhận theo showroom.,73,HITA Home,TP. Hồ Chí Minh,028 8888 6688,Dữ liệu mẫu,,Nguồn giá/model từ website hãng hoặc giá tham khảo,FALSE,"Dữ liệu mẫu phục vụ demo; cần xác minh thủ công model, ảnh và giá trước khi dùng cho báo giá thật."
p_accessory_011,Lô giấy vệ sinh đen mờ,Phụ kiện phòng tắm,Local Showroom,LOCAL-PAPER-BLACK,280000,850000,280.000đ – 850.000đ,Inox 304,Đen mờ,Theo model,/images/products/placeholder-sanitary.png,FALSE,Cần xác nhận tồn kho,Đặt trước,Hotel,Phụ kiện hoàn thiện phòng tắm; giá và tồn kho cần xác nhận theo showroom.,95,HomeBath Studio,"Đống Đa, Hà Nội",024 7777 1122,Dữ liệu mẫu,,Nguồn giá/model từ website hãng hoặc giá tham khảo,FALSE,"Dữ liệu mẫu phục vụ demo; cần xác minh thủ công model, ảnh và giá trước khi dùng cho báo giá thật."
p_accessory_012,Bộ phụ kiện phòng tắm Warm Accessory Set,Phụ kiện phòng tắm,Local Showroom,LOCAL-ACC-WARM-SET,1200000,3200000,1.200.000đ – 3.200.000đ,Inox/đồng,Nickel ấm,Bộ 4–6 món,/images/products/placeholder-sanitary.png,FALSE,Cần xác nhận tồn kho,Đặt trước,Warm Neutral,Phụ kiện hoàn thiện phòng tắm; giá và tồn kho cần xác nhận theo showroom.,56,Interior Material Hub,"Long Biên, Hà Nội",024 2222 6699,Dữ liệu mẫu,,Nguồn giá/model từ website hãng hoặc giá tham khảo,FALSE,"Dữ liệu mẫu phục vụ demo; cần xác minh thủ công model, ảnh và giá trước khi dùng cho báo giá thật."
p_set_001,Bộ phụ kiện phòng tắm mẫu 01,Bộ phụ kiện nhỏ,Local Showroom,LOCAL-SET-001,900000,2020000,900.000đ – 2.020.000đ,Inox 304 / kính / đồng,Đen mờ,Bộ 3–6 món,/images/products/placeholder-sanitary.png,FALSE,Cần xác nhận tồn kho,Đặt trước,Modern,Bộ phụ kiện mẫu dùng để test combo và quote flow; cần xác minh sản phẩm cụ thể trước khi báo giá thật.,60,HomeBath Studio,"Đống Đa, Hà Nội",024 7777 1122,Dữ liệu mẫu,,Giá tham khảo cần xác minh,FALSE,"Dữ liệu mẫu phục vụ demo; cần xác minh thủ công model, ảnh và giá trước khi dùng cho báo giá thật."
p_set_002,Bộ phụ kiện phòng tắm mẫu 02,Bộ phụ kiện nhỏ,Local Showroom,LOCAL-SET-002,1000000,2240000,1.000.000đ – 2.240.000đ,Inox 304 / kính / đồng,Đen mờ,Bộ 3–6 món,/images/products/placeholder-sanitary.png,FALSE,Cần xác nhận tồn kho,Đặt trước,Warm Neutral,Bộ phụ kiện mẫu dùng để test combo và quote flow; cần xác minh sản phẩm cụ thể trước khi báo giá thật.,66,Hải Linh Showroom,"Hà Đông, Hà Nội",024 3858 6655,Dữ liệu mẫu,,Giá tham khảo cần xác minh,FALSE,"Dữ liệu mẫu phục vụ demo; cần xác minh thủ công model, ảnh và giá trước khi dùng cho báo giá thật."
p_set_003,Bộ phụ kiện phòng tắm mẫu 03,Bộ phụ kiện nhỏ,Local Showroom,LOCAL-SET-003,1100000,2460000,1.100.000đ – 2.460.000đ,Inox 304 / kính / đồng,Trắng,Bộ 3–6 món,/images/products/placeholder-sanitary.png,FALSE,Cần xác nhận tồn kho,Đặt trước,Warm Neutral,Bộ phụ kiện mẫu dùng để test combo và quote flow; cần xác minh sản phẩm cụ thể trước khi báo giá thật.,91,Hải Linh Showroom,"Hà Đông, Hà Nội",024 3858 6655,Dữ liệu mẫu,,Giá tham khảo cần xác minh,FALSE,"Dữ liệu mẫu phục vụ demo; cần xác minh thủ công model, ảnh và giá trước khi dùng cho báo giá thật."
p_set_004,Bộ phụ kiện phòng tắm mẫu 04,Bộ phụ kiện nhỏ,Local Showroom,LOCAL-SET-004,1200000,2680000,1.200.000đ – 2.680.000đ,Inox 304 / kính / đồng,Chrome,Bộ 3–6 món,/images/products/placeholder-sanitary.png,FALSE,Cần xác nhận tồn kho,Đặt trước,Minimal,Bộ phụ kiện mẫu dùng để test combo và quote flow; cần xác minh sản phẩm cụ thể trước khi báo giá thật.,75,TDM Tuấn Đức,"Cầu Giấy, Hà Nội",024 6666 8686,Dữ liệu mẫu,,Giá tham khảo cần xác minh,FALSE,"Dữ liệu mẫu phục vụ demo; cần xác minh thủ công model, ảnh và giá trước khi dùng cho báo giá thật."
p_set_005,Bộ phụ kiện phòng tắm mẫu 05,Bộ phụ kiện nhỏ,Local Showroom,LOCAL-SET-005,1300000,2900000,1.300.000đ – 2.900.000đ,Inox 304 / kính / đồng,Nickel ấm,Bộ 3–6 món,/images/products/placeholder-sanitary.png,FALSE,Cần xác nhận tồn kho,Đặt trước,Minimal,Bộ phụ kiện mẫu dùng để test combo và quote flow; cần xác minh sản phẩm cụ thể trước khi báo giá thật.,61,Interior Material Hub,"Long Biên, Hà Nội",024 2222 6699,Dữ liệu mẫu,,Giá tham khảo cần xác minh,FALSE,"Dữ liệu mẫu phục vụ demo; cần xác minh thủ công model, ảnh và giá trước khi dùng cho báo giá thật."
p_set_006,Bộ phụ kiện phòng tắm mẫu 06,Bộ phụ kiện nhỏ,Local Showroom,LOCAL-SET-006,1400000,3120000,1.400.000đ – 3.120.000đ,Inox 304 / kính / đồng,Đen mờ,Bộ 3–6 món,/images/products/placeholder-sanitary.png,FALSE,Cần xác nhận tồn kho,Đặt trước,Modern,Bộ phụ kiện mẫu dùng để test combo và quote flow; cần xác minh sản phẩm cụ thể trước khi báo giá thật.,68,TDM Tuấn Đức,"Cầu Giấy, Hà Nội",024 6666 8686,Dữ liệu mẫu,,Giá tham khảo cần xác minh,FALSE,"Dữ liệu mẫu phục vụ demo; cần xác minh thủ công model, ảnh và giá trước khi dùng cho báo giá thật."
p_set_007,Bộ phụ kiện phòng tắm mẫu 07,Bộ phụ kiện nhỏ,Local Showroom,LOCAL-SET-007,1500000,3340000,1.500.000đ – 3.340.000đ,Inox 304 / kính / đồng,Trắng,Bộ 3–6 món,/images/products/placeholder-sanitary.png,FALSE,Cần xác nhận tồn kho,Đặt trước,Warm Neutral,Bộ phụ kiện mẫu dùng để test combo và quote flow; cần xác minh sản phẩm cụ thể trước khi báo giá thật.,94,HITA Home,TP. Hồ Chí Minh,028 8888 6688,Dữ liệu mẫu,,Giá tham khảo cần xác minh,FALSE,"Dữ liệu mẫu phục vụ demo; cần xác minh thủ công model, ảnh và giá trước khi dùng cho báo giá thật."
